tiempo,diag_group,iafas,tipo_consumo,TOTAL_NETO
2021-01-01,Colon,FISSAL,INSUMO,127611.371
2021-01-01,Colon,FISSAL,MEDICAMENTO,24353.99
2021-01-01,Colon,FISSAL,PROCEDIMIENTO,101911.3
2021-01-01,Colon,SIS,PROCEDIMIENTO,54.12
2021-01-01,Cuello uterino,FISSAL,INSUMO,128168.68
2021-01-01,Cuello uterino,FISSAL,MEDICAMENTO,115152.3207
2021-01-01,Cuello uterino,FISSAL,PROCEDIMIENTO,287981.1
2021-01-01,Cuello uterino,SIS,PROCEDIMIENTO,769.18
2021-01-01,Estómago,FISSAL,INSUMO,93169.06
2021-01-01,Estómago,FISSAL,MEDICAMENTO,34770.8592
2021-01-01,Estómago,FISSAL,PROCEDIMIENTO,80026.04
2021-01-01,Estómago,SIS,PROCEDIMIENTO,3.5
2021-01-01,Leucemias,FISSAL,INSUMO,411551.772
2021-01-01,Leucemias,FISSAL,MEDICAMENTO,512881.9996
2021-01-01,Leucemias,FISSAL,PROCEDIMIENTO,997997.36
2021-01-01,Leucemias,SIS,INSUMO,383.0
2021-01-01,Leucemias,SIS,MEDICAMENTO,218.13
2021-01-01,Leucemias,SIS,PROCEDIMIENTO,935.15
2021-01-01,Linfomas,FISSAL,INSUMO,140417.453
2021-01-01,Linfomas,FISSAL,MEDICAMENTO,183981.0045
2021-01-01,Linfomas,FISSAL,PROCEDIMIENTO,319306.86
2021-01-01,Linfomas,SIS,PROCEDIMIENTO,489.29
2021-01-01,Mama,FISSAL,INSUMO,132082.294
2021-01-01,Mama,FISSAL,MEDICAMENTO,362387.78369999997
2021-01-01,Mama,FISSAL,PROCEDIMIENTO,438461.25
2021-01-01,Mama,SIS,INSUMO,0.0
2021-01-01,Mama,SIS,MEDICAMENTO,0.0
2021-01-01,Mama,SIS,PROCEDIMIENTO,1086.49
2021-01-01,No oncológico (comparador),FISSAL,INSUMO,10911.79
2021-01-01,No oncológico (comparador),FISSAL,MEDICAMENTO,3831.56
2021-01-01,No oncológico (comparador),FISSAL,PROCEDIMIENTO,17803.31
2021-01-01,No oncológico (comparador),SIS,INSUMO,45125.52
2021-01-01,No oncológico (comparador),SIS,MEDICAMENTO,177956.6344
2021-01-01,No oncológico (comparador),SIS,PROCEDIMIENTO,196285.03
2021-01-01,Otro,FISSAL,INSUMO,34963.644
2021-01-01,Otro,FISSAL,MEDICAMENTO,13059.7772
2021-01-01,Otro,FISSAL,PROCEDIMIENTO,45822.04
2021-01-01,Otro,SIS,INSUMO,1065691.524
2021-01-01,Otro,SIS,MEDICAMENTO,1777582.5781
2021-01-01,Otro,SIS,PROCEDIMIENTO,1808176.79
2021-01-01,Próstata,FISSAL,INSUMO,38549.771
2021-01-01,Próstata,FISSAL,MEDICAMENTO,43405.9301
2021-01-01,Próstata,FISSAL,PROCEDIMIENTO,89982.33
2021-01-01,Próstata,SIS,MEDICAMENTO,332.0
2021-01-01,Próstata,SIS,PROCEDIMIENTO,0.0
2021-02-01,Colon,FISSAL,INSUMO,107341.07
2021-02-01,Colon,FISSAL,MEDICAMENTO,64687.486000000004
2021-02-01,Colon,FISSAL,PROCEDIMIENTO,61832.909999999996
2021-02-01,Colon,SIS,INSUMO,2.0
2021-02-01,Colon,SIS,MEDICAMENTO,80.0
2021-02-01,Colon,SIS,PROCEDIMIENTO,289.67999999999995
2021-02-01,Cuello uterino,FISSAL,INSUMO,131652.3
2021-02-01,Cuello uterino,FISSAL,MEDICAMENTO,123417.216
2021-02-01,Cuello uterino,FISSAL,PROCEDIMIENTO,246914.11
2021-02-01,Cuello uterino,SIS,INSUMO,1.87
2021-02-01,Cuello uterino,SIS,MEDICAMENTO,111.6
2021-02-01,Cuello uterino,SIS,PROCEDIMIENTO,515.94
2021-02-01,Estómago,FISSAL,INSUMO,122285.77
2021-02-01,Estómago,FISSAL,MEDICAMENTO,39604.1065
2021-02-01,Estómago,FISSAL,PROCEDIMIENTO,104506.65
2021-02-01,Estómago,SIS,INSUMO,43.62
2021-02-01,Estómago,SIS,MEDICAMENTO,200.0
2021-02-01,Estómago,SIS,PROCEDIMIENTO,82.28
2021-02-01,Leucemias,FISSAL,INSUMO,485277.36
2021-02-01,Leucemias,FISSAL,MEDICAMENTO,599582.091
2021-02-01,Leucemias,FISSAL,PROCEDIMIENTO,1265236.77
2021-02-01,Leucemias,SIS,INSUMO,69.7
2021-02-01,Leucemias,SIS,MEDICAMENTO,114.66
2021-02-01,Leucemias,SIS,PROCEDIMIENTO,3460.98
2021-02-01,Linfomas,FISSAL,INSUMO,87135.52
2021-02-01,Linfomas,FISSAL,MEDICAMENTO,164027.273
2021-02-01,Linfomas,FISSAL,PROCEDIMIENTO,298747.39
2021-02-01,Linfomas,SIS,INSUMO,337.51000000000005
2021-02-01,Linfomas,SIS,MEDICAMENTO,177.22
2021-02-01,Linfomas,SIS,PROCEDIMIENTO,2268.89
2021-02-01,Mama,FISSAL,INSUMO,127466.82
2021-02-01,Mama,FISSAL,MEDICAMENTO,313484.663
2021-02-01,Mama,FISSAL,PROCEDIMIENTO,371264.74
2021-02-01,Mama,SIS,INSUMO,446.73
2021-02-01,Mama,SIS,MEDICAMENTO,285.71
2021-02-01,Mama,SIS,PROCEDIMIENTO,2263.35
2021-02-01,No oncológico (comparador),FISSAL,INSUMO,904.25
2021-02-01,No oncológico (comparador),FISSAL,MEDICAMENTO,10995.01
2021-02-01,No oncológico (comparador),FISSAL,PROCEDIMIENTO,12626.0
2021-02-01,No oncológico (comparador),SIS,INSUMO,57873.65
2021-02-01,No oncológico (comparador),SIS,MEDICAMENTO,162755.52300000002
2021-02-01,No oncológico (comparador),SIS,PROCEDIMIENTO,273667.16
2021-02-01,Otro,FISSAL,INSUMO,21897.78
2021-02-01,Otro,FISSAL,MEDICAMENTO,21854.48
2021-02-01,Otro,FISSAL,PROCEDIMIENTO,60778.96
2021-02-01,Otro,SIS,INSUMO,1052313.063
2021-02-01,Otro,SIS,MEDICAMENTO,1558826.388
2021-02-01,Otro,SIS,PROCEDIMIENTO,1398551.45
2021-02-01,Próstata,FISSAL,INSUMO,25097.25
2021-02-01,Próstata,FISSAL,MEDICAMENTO,50454.950000000004
2021-02-01,Próstata,FISSAL,PROCEDIMIENTO,67847.78
2021-02-01,Próstata,SIS,INSUMO,4.18
2021-02-01,Próstata,SIS,MEDICAMENTO,191.9
2021-02-01,Próstata,SIS,PROCEDIMIENTO,263.62
2021-03-01,Colon,FISSAL,INSUMO,102350.51
2021-03-01,Colon,FISSAL,MEDICAMENTO,21391.276
2021-03-01,Colon,FISSAL,PROCEDIMIENTO,80240.82
2021-03-01,Colon,SIS,INSUMO,80.74
2021-03-01,Colon,SIS,MEDICAMENTO,114.39
2021-03-01,Colon,SIS,PROCEDIMIENTO,923.73
2021-03-01,Cuello uterino,FISSAL,INSUMO,168101.17
2021-03-01,Cuello uterino,FISSAL,MEDICAMENTO,133327.824
2021-03-01,Cuello uterino,FISSAL,PROCEDIMIENTO,309072.33
2021-03-01,Cuello uterino,SIS,INSUMO,195.27
2021-03-01,Cuello uterino,SIS,MEDICAMENTO,111.6
2021-03-01,Cuello uterino,SIS,PROCEDIMIENTO,1274.29
2021-03-01,Estómago,FISSAL,INSUMO,122643.55
2021-03-01,Estómago,FISSAL,MEDICAMENTO,70309.402
2021-03-01,Estómago,FISSAL,PROCEDIMIENTO,122784.92
2021-03-01,Estómago,SIS,INSUMO,47.41
2021-03-01,Estómago,SIS,MEDICAMENTO,68.84
2021-03-01,Estómago,SIS,PROCEDIMIENTO,2953.02
2021-03-01,Leucemias,FISSAL,INSUMO,441477.66
2021-03-01,Leucemias,FISSAL,MEDICAMENTO,671694.1245
2021-03-01,Leucemias,FISSAL,PROCEDIMIENTO,1419110.81
2021-03-01,Leucemias,SIS,INSUMO,144.20000000000002
2021-03-01,Leucemias,SIS,MEDICAMENTO,146.31
2021-03-01,Leucemias,SIS,PROCEDIMIENTO,4010.39
2021-03-01,Linfomas,FISSAL,INSUMO,106442.59
2021-03-01,Linfomas,FISSAL,MEDICAMENTO,208147.663
2021-03-01,Linfomas,FISSAL,PROCEDIMIENTO,282974.89
2021-03-01,Linfomas,SIS,INSUMO,184.07000000000002
2021-03-01,Linfomas,SIS,MEDICAMENTO,5.87
2021-03-01,Linfomas,SIS,PROCEDIMIENTO,2602.79
2021-03-01,Mama,FISSAL,INSUMO,147473.14
2021-03-01,Mama,FISSAL,MEDICAMENTO,406273.96
2021-03-01,Mama,FISSAL,PROCEDIMIENTO,507641.9
2021-03-01,Mama,SIS,INSUMO,446.74
2021-03-01,Mama,SIS,MEDICAMENTO,87.24
2021-03-01,Mama,SIS,PROCEDIMIENTO,3488.36
2021-03-01,No oncológico (comparador),FISSAL,INSUMO,149.87
2021-03-01,No oncológico (comparador),FISSAL,MEDICAMENTO,817.23
2021-03-01,No oncológico (comparador),FISSAL,PROCEDIMIENTO,2322.04
2021-03-01,No oncológico (comparador),SIS,INSUMO,100995.18000000001
2021-03-01,No oncológico (comparador),SIS,MEDICAMENTO,136370.721
2021-03-01,No oncológico (comparador),SIS,PROCEDIMIENTO,272104.55
2021-03-01,Otro,FISSAL,INSUMO,50499.35
2021-03-01,Otro,FISSAL,MEDICAMENTO,86106.649
2021-03-01,Otro,FISSAL,PROCEDIMIENTO,60583.84
2021-03-01,Otro,SIS,INSUMO,1144022.669
2021-03-01,Otro,SIS,MEDICAMENTO,2409313.079
2021-03-01,Otro,SIS,PROCEDIMIENTO,1725520.14
2021-03-01,Próstata,FISSAL,INSUMO,37658.18
2021-03-01,Próstata,FISSAL,MEDICAMENTO,59595.0865
2021-03-01,Próstata,FISSAL,PROCEDIMIENTO,77994.33
2021-03-01,Próstata,SIS,PROCEDIMIENTO,40.65
2021-04-01,Colon,FISSAL,INSUMO,128983.55
2021-04-01,Colon,FISSAL,MEDICAMENTO,31038.21
2021-04-01,Colon,FISSAL,PROCEDIMIENTO,115807.06999999999
2021-04-01,Colon,SIS,INSUMO,9712.83
2021-04-01,Colon,SIS,MEDICAMENTO,3046.98
2021-04-01,Colon,SIS,PROCEDIMIENTO,11773.55
2021-04-01,Cuello uterino,FISSAL,INSUMO,152728.53
2021-04-01,Cuello uterino,FISSAL,MEDICAMENTO,147740.8596
2021-04-01,Cuello uterino,FISSAL,PROCEDIMIENTO,270746.48
2021-04-01,Cuello uterino,SIS,INSUMO,483.02000000000004
2021-04-01,Cuello uterino,SIS,MEDICAMENTO,366.37
2021-04-01,Cuello uterino,SIS,PROCEDIMIENTO,2376.13
2021-04-01,Estómago,FISSAL,INSUMO,118552.49
2021-04-01,Estómago,FISSAL,MEDICAMENTO,31090.57
2021-04-01,Estómago,FISSAL,PROCEDIMIENTO,106605.15
2021-04-01,Estómago,SIS,INSUMO,1674.36
2021-04-01,Estómago,SIS,MEDICAMENTO,608.03
2021-04-01,Estómago,SIS,PROCEDIMIENTO,2774.0
2021-04-01,Leucemias,FISSAL,INSUMO,427883.38
2021-04-01,Leucemias,FISSAL,MEDICAMENTO,583513.1156
2021-04-01,Leucemias,FISSAL,PROCEDIMIENTO,1283729.78
2021-04-01,Leucemias,SIS,INSUMO,2260.8
2021-04-01,Leucemias,SIS,MEDICAMENTO,7183.683999999999
2021-04-01,Leucemias,SIS,PROCEDIMIENTO,17506.41
2021-04-01,Linfomas,FISSAL,INSUMO,172007.39
2021-04-01,Linfomas,FISSAL,MEDICAMENTO,232853.8754
2021-04-01,Linfomas,FISSAL,PROCEDIMIENTO,333624.34
2021-04-01,Linfomas,SIS,INSUMO,3091.5
2021-04-01,Linfomas,SIS,MEDICAMENTO,968.9526000000001
2021-04-01,Linfomas,SIS,PROCEDIMIENTO,6625.49
2021-04-01,Mama,FISSAL,INSUMO,139547.94999999998
2021-04-01,Mama,FISSAL,MEDICAMENTO,440336.062
2021-04-01,Mama,FISSAL,PROCEDIMIENTO,471323.99
2021-04-01,Mama,SIS,INSUMO,577.41
2021-04-01,Mama,SIS,MEDICAMENTO,247.97
2021-04-01,Mama,SIS,PROCEDIMIENTO,4196.94
2021-04-01,No oncológico (comparador),FISSAL,INSUMO,168.61
2021-04-01,No oncológico (comparador),FISSAL,MEDICAMENTO,7524.53
2021-04-01,No oncológico (comparador),FISSAL,PROCEDIMIENTO,15065.73
2021-04-01,No oncológico (comparador),SIS,INSUMO,161631.38
2021-04-01,No oncológico (comparador),SIS,MEDICAMENTO,442360.464
2021-04-01,No oncológico (comparador),SIS,PROCEDIMIENTO,426669.58
2021-04-01,Otro,FISSAL,INSUMO,43655.76
2021-04-01,Otro,FISSAL,MEDICAMENTO,24160.73
2021-04-01,Otro,FISSAL,PROCEDIMIENTO,87472.37
2021-04-01,Otro,SIS,INSUMO,1251724.5
2021-04-01,Otro,SIS,MEDICAMENTO,2186692.5858
2021-04-01,Otro,SIS,PROCEDIMIENTO,1742371.8699999999
2021-04-01,Próstata,FISSAL,INSUMO,31858.67
2021-04-01,Próstata,FISSAL,MEDICAMENTO,64611.487199999996
2021-04-01,Próstata,FISSAL,PROCEDIMIENTO,91461.92
2021-04-01,Próstata,SIS,INSUMO,2352.89
2021-04-01,Próstata,SIS,MEDICAMENTO,965.3299999999999
2021-04-01,Próstata,SIS,PROCEDIMIENTO,2923.0299999999997
2021-05-01,Colon,FISSAL,INSUMO,122634.19
2021-05-01,Colon,FISSAL,MEDICAMENTO,81934.05
2021-05-01,Colon,FISSAL,PROCEDIMIENTO,101067.22
2021-05-01,Colon,SIS,INSUMO,1177.89
2021-05-01,Colon,SIS,MEDICAMENTO,548.62
2021-05-01,Colon,SIS,PROCEDIMIENTO,2636.86
2021-05-01,Cuello uterino,FISSAL,INSUMO,190363.335
2021-05-01,Cuello uterino,FISSAL,MEDICAMENTO,130522.88
2021-05-01,Cuello uterino,FISSAL,PROCEDIMIENTO,322212.33
2021-05-01,Cuello uterino,SIS,INSUMO,1116.6299999999999
2021-05-01,Cuello uterino,SIS,MEDICAMENTO,197.28
2021-05-01,Cuello uterino,SIS,PROCEDIMIENTO,3467.94
2021-05-01,Estómago,FISSAL,INSUMO,168525.41
2021-05-01,Estómago,FISSAL,MEDICAMENTO,73037.83
2021-05-01,Estómago,FISSAL,PROCEDIMIENTO,164734.37
2021-05-01,Estómago,SIS,INSUMO,5549.28
2021-05-01,Estómago,SIS,MEDICAMENTO,1383.98
2021-05-01,Estómago,SIS,PROCEDIMIENTO,4914.45
2021-05-01,Leucemias,FISSAL,INSUMO,490904.12
2021-05-01,Leucemias,FISSAL,MEDICAMENTO,466931.1892
2021-05-01,Leucemias,FISSAL,PROCEDIMIENTO,1059630.27
2021-05-01,Leucemias,SIS,INSUMO,286.99
2021-05-01,Leucemias,SIS,MEDICAMENTO,145.73
2021-05-01,Leucemias,SIS,PROCEDIMIENTO,1412.43
2021-05-01,Linfomas,FISSAL,INSUMO,158448.25
2021-05-01,Linfomas,FISSAL,MEDICAMENTO,192339.355
2021-05-01,Linfomas,FISSAL,PROCEDIMIENTO,376279.18
2021-05-01,Linfomas,SIS,INSUMO,627.84
2021-05-01,Linfomas,SIS,MEDICAMENTO,181.62
2021-05-01,Linfomas,SIS,PROCEDIMIENTO,2982.6
2021-05-01,Mama,FISSAL,INSUMO,266349.08
2021-05-01,Mama,FISSAL,MEDICAMENTO,377651.905
2021-05-01,Mama,FISSAL,PROCEDIMIENTO,493494.81
2021-05-01,Mama,SIS,INSUMO,240.56
2021-05-01,Mama,SIS,MEDICAMENTO,232.69
2021-05-01,Mama,SIS,PROCEDIMIENTO,3617.9
2021-05-01,No oncológico (comparador),FISSAL,INSUMO,42.2
2021-05-01,No oncológico (comparador),FISSAL,MEDICAMENTO,15233.74
2021-05-01,No oncológico (comparador),FISSAL,PROCEDIMIENTO,21851.03
2021-05-01,No oncológico (comparador),SIS,INSUMO,224478.44
2021-05-01,No oncológico (comparador),SIS,MEDICAMENTO,606219.9096
2021-05-01,No oncológico (comparador),SIS,PROCEDIMIENTO,567080.33
2021-05-01,Otro,FISSAL,INSUMO,71854.86
2021-05-01,Otro,FISSAL,MEDICAMENTO,48647.02
2021-05-01,Otro,FISSAL,PROCEDIMIENTO,95645.20999999999
2021-05-01,Otro,SIS,INSUMO,1387241.36
2021-05-01,Otro,SIS,MEDICAMENTO,2337201.1982
2021-05-01,Otro,SIS,PROCEDIMIENTO,2120068.77
2021-05-01,Próstata,FISSAL,INSUMO,56842.53
2021-05-01,Próstata,FISSAL,MEDICAMENTO,82040.22
2021-05-01,Próstata,FISSAL,PROCEDIMIENTO,117659.72
2021-05-01,Próstata,SIS,INSUMO,812.46
2021-05-01,Próstata,SIS,MEDICAMENTO,170.51
2021-05-01,Próstata,SIS,PROCEDIMIENTO,1765.82
2021-06-01,Colon,FISSAL,INSUMO,204694.81
2021-06-01,Colon,FISSAL,MEDICAMENTO,56396.13
2021-06-01,Colon,FISSAL,PROCEDIMIENTO,147310.27
2021-06-01,Colon,SIS,INSUMO,1465.01
2021-06-01,Colon,SIS,MEDICAMENTO,924.99
2021-06-01,Colon,SIS,PROCEDIMIENTO,4914.42
2021-06-01,Cuello uterino,FISSAL,INSUMO,197202.555
2021-06-01,Cuello uterino,FISSAL,MEDICAMENTO,155396.24
2021-06-01,Cuello uterino,FISSAL,PROCEDIMIENTO,293323.5
2021-06-01,Cuello uterino,SIS,INSUMO,4264.11
2021-06-01,Cuello uterino,SIS,MEDICAMENTO,1316.02
2021-06-01,Cuello uterino,SIS,PROCEDIMIENTO,7072.55
2021-06-01,Estómago,FISSAL,INSUMO,106212.53
2021-06-01,Estómago,FISSAL,MEDICAMENTO,35421.32
2021-06-01,Estómago,FISSAL,PROCEDIMIENTO,132117.01
2021-06-01,Estómago,SIS,INSUMO,21738.035
2021-06-01,Estómago,SIS,MEDICAMENTO,2523.2599999999998
2021-06-01,Estómago,SIS,PROCEDIMIENTO,5978.75
2021-06-01,Leucemias,FISSAL,INSUMO,567580.13
2021-06-01,Leucemias,FISSAL,MEDICAMENTO,559752.14
2021-06-01,Leucemias,FISSAL,PROCEDIMIENTO,1389026.67
2021-06-01,Leucemias,SIS,INSUMO,23900.03
2021-06-01,Leucemias,SIS,MEDICAMENTO,4235.2466
2021-06-01,Leucemias,SIS,PROCEDIMIENTO,29112.12
2021-06-01,Linfomas,FISSAL,INSUMO,212178.2
2021-06-01,Linfomas,FISSAL,MEDICAMENTO,233973.4032
2021-06-01,Linfomas,FISSAL,PROCEDIMIENTO,473483.03
2021-06-01,Linfomas,SIS,INSUMO,704.97
2021-06-01,Linfomas,SIS,MEDICAMENTO,396.3
2021-06-01,Linfomas,SIS,PROCEDIMIENTO,2983.46
2021-06-01,Mama,FISSAL,INSUMO,159409.045
2021-06-01,Mama,FISSAL,MEDICAMENTO,441456.95
2021-06-01,Mama,FISSAL,PROCEDIMIENTO,569479.46
2021-06-01,Mama,SIS,INSUMO,637.83
2021-06-01,Mama,SIS,MEDICAMENTO,478.23
2021-06-01,Mama,SIS,PROCEDIMIENTO,4044.97
2021-06-01,No oncológico (comparador),FISSAL,INSUMO,3722.75
2021-06-01,No oncológico (comparador),FISSAL,MEDICAMENTO,6808.3
2021-06-01,No oncológico (comparador),FISSAL,PROCEDIMIENTO,28081.899999999998
2021-06-01,No oncológico (comparador),SIS,INSUMO,207125.1
2021-06-01,No oncológico (comparador),SIS,MEDICAMENTO,394872.21520000004
2021-06-01,No oncológico (comparador),SIS,PROCEDIMIENTO,601543.23
2021-06-01,Otro,FISSAL,INSUMO,43857.840000000004
2021-06-01,Otro,FISSAL,MEDICAMENTO,18798.07
2021-06-01,Otro,FISSAL,PROCEDIMIENTO,48589.72
2021-06-01,Otro,SIS,INSUMO,1349325.65
2021-06-01,Otro,SIS,MEDICAMENTO,2633836.324
2021-06-01,Otro,SIS,PROCEDIMIENTO,2323603.38
2021-06-01,Próstata,FISSAL,INSUMO,46310.4
2021-06-01,Próstata,FISSAL,MEDICAMENTO,58999.32
2021-06-01,Próstata,FISSAL,PROCEDIMIENTO,87001.17
2021-06-01,Próstata,SIS,INSUMO,1071.29
2021-06-01,Próstata,SIS,MEDICAMENTO,824.09
2021-06-01,Próstata,SIS,PROCEDIMIENTO,4115.93
2021-07-01,Colon,FISSAL,INSUMO,206301.61000000002
2021-07-01,Colon,FISSAL,MEDICAMENTO,88707.91
2021-07-01,Colon,FISSAL,PROCEDIMIENTO,145237.94
2021-07-01,Colon,SIS,INSUMO,2240.7
2021-07-01,Colon,SIS,MEDICAMENTO,1563.86
2021-07-01,Colon,SIS,PROCEDIMIENTO,6396.57
2021-07-01,Cuello uterino,FISSAL,INSUMO,188878.82
2021-07-01,Cuello uterino,FISSAL,MEDICAMENTO,164936.56
2021-07-01,Cuello uterino,FISSAL,PROCEDIMIENTO,280663.25
2021-07-01,Cuello uterino,SIS,INSUMO,4042.72
2021-07-01,Cuello uterino,SIS,MEDICAMENTO,1551.35
2021-07-01,Cuello uterino,SIS,PROCEDIMIENTO,5664.2
2021-07-01,Estómago,FISSAL,INSUMO,187629.05
2021-07-01,Estómago,FISSAL,MEDICAMENTO,40212.46
2021-07-01,Estómago,FISSAL,PROCEDIMIENTO,139144.6
2021-07-01,Estómago,SIS,INSUMO,8630.34
2021-07-01,Estómago,SIS,MEDICAMENTO,2701.61
2021-07-01,Estómago,SIS,PROCEDIMIENTO,9654.04
2021-07-01,Leucemias,FISSAL,INSUMO,430265.98
2021-07-01,Leucemias,FISSAL,MEDICAMENTO,483512.92
2021-07-01,Leucemias,FISSAL,PROCEDIMIENTO,1154746.78
2021-07-01,Leucemias,SIS,INSUMO,2297.41
2021-07-01,Leucemias,SIS,MEDICAMENTO,305.16
2021-07-01,Leucemias,SIS,PROCEDIMIENTO,6087.0
2021-07-01,Linfomas,FISSAL,INSUMO,132936.75
2021-07-01,Linfomas,FISSAL,MEDICAMENTO,279108.22
2021-07-01,Linfomas,FISSAL,PROCEDIMIENTO,398037.01
2021-07-01,Linfomas,SIS,INSUMO,2186.15
2021-07-01,Linfomas,SIS,MEDICAMENTO,481.04
2021-07-01,Linfomas,SIS,PROCEDIMIENTO,3031.22
2021-07-01,Mama,FISSAL,INSUMO,170118.73
2021-07-01,Mama,FISSAL,MEDICAMENTO,466793.36
2021-07-01,Mama,FISSAL,PROCEDIMIENTO,535977.14
2021-07-01,Mama,SIS,INSUMO,1891.46
2021-07-01,Mama,SIS,MEDICAMENTO,1015.04
2021-07-01,Mama,SIS,PROCEDIMIENTO,8458.57
2021-07-01,No oncológico (comparador),FISSAL,INSUMO,8507.64
2021-07-01,No oncológico (comparador),FISSAL,MEDICAMENTO,22814.47
2021-07-01,No oncológico (comparador),FISSAL,PROCEDIMIENTO,47702.73
2021-07-01,No oncológico (comparador),SIS,INSUMO,163312.36000000002
2021-07-01,No oncológico (comparador),SIS,MEDICAMENTO,395413.29
2021-07-01,No oncológico (comparador),SIS,PROCEDIMIENTO,705160.02
2021-07-01,Otro,FISSAL,INSUMO,43316.21
2021-07-01,Otro,FISSAL,MEDICAMENTO,50521.549999999996
2021-07-01,Otro,FISSAL,PROCEDIMIENTO,84536.21
2021-07-01,Otro,SIS,INSUMO,1480364.1300000001
2021-07-01,Otro,SIS,MEDICAMENTO,2881971.909
2021-07-01,Otro,SIS,PROCEDIMIENTO,2815458.41
2021-07-01,Próstata,FISSAL,INSUMO,66276.33
2021-07-01,Próstata,FISSAL,MEDICAMENTO,75233.79
2021-07-01,Próstata,FISSAL,PROCEDIMIENTO,89835.28
2021-07-01,Próstata,SIS,INSUMO,1226.43
2021-07-01,Próstata,SIS,MEDICAMENTO,805.99
2021-07-01,Próstata,SIS,PROCEDIMIENTO,2311.7999999999997
2021-08-01,Colon,FISSAL,INSUMO,197989.12
2021-08-01,Colon,FISSAL,MEDICAMENTO,35458.66
2021-08-01,Colon,FISSAL,PROCEDIMIENTO,132853.8
2021-08-01,Colon,SIS,INSUMO,9174.14
2021-08-01,Colon,SIS,MEDICAMENTO,2223.9632
2021-08-01,Colon,SIS,PROCEDIMIENTO,7325.92
2021-08-01,Cuello uterino,FISSAL,INSUMO,183315.74
2021-08-01,Cuello uterino,FISSAL,MEDICAMENTO,187958.04
2021-08-01,Cuello uterino,FISSAL,PROCEDIMIENTO,273839.32
2021-08-01,Cuello uterino,SIS,INSUMO,16380.37
2021-08-01,Cuello uterino,SIS,MEDICAMENTO,3030.7462
2021-08-01,Cuello uterino,SIS,PROCEDIMIENTO,13034.58
2021-08-01,Estómago,FISSAL,INSUMO,217015.08
2021-08-01,Estómago,FISSAL,MEDICAMENTO,92717.484
2021-08-01,Estómago,FISSAL,PROCEDIMIENTO,175387.31
2021-08-01,Estómago,SIS,INSUMO,16806.3
2021-08-01,Estómago,SIS,MEDICAMENTO,5396.615
2021-08-01,Estómago,SIS,PROCEDIMIENTO,11135.56
2021-08-01,Leucemias,FISSAL,INSUMO,404440.09
2021-08-01,Leucemias,FISSAL,MEDICAMENTO,461074.99
2021-08-01,Leucemias,FISSAL,PROCEDIMIENTO,1151704.7
2021-08-01,Leucemias,SIS,INSUMO,2750.13
2021-08-01,Leucemias,SIS,MEDICAMENTO,439.95
2021-08-01,Leucemias,SIS,PROCEDIMIENTO,7188.22
2021-08-01,Linfomas,FISSAL,INSUMO,147512.94
2021-08-01,Linfomas,FISSAL,MEDICAMENTO,207264.71
2021-08-01,Linfomas,FISSAL,PROCEDIMIENTO,410484.34
2021-08-01,Linfomas,SIS,INSUMO,2535.8
2021-08-01,Linfomas,SIS,MEDICAMENTO,1234.9166
2021-08-01,Linfomas,SIS,PROCEDIMIENTO,5182.18
2021-08-01,Mama,FISSAL,INSUMO,230800.63999999998
2021-08-01,Mama,FISSAL,MEDICAMENTO,446114.48099999997
2021-08-01,Mama,FISSAL,PROCEDIMIENTO,553821.74
2021-08-01,Mama,SIS,INSUMO,1747.6
2021-08-01,Mama,SIS,MEDICAMENTO,1071.98
2021-08-01,Mama,SIS,PROCEDIMIENTO,4814.29
2021-08-01,No oncológico (comparador),FISSAL,INSUMO,14711.570000000002
2021-08-01,No oncológico (comparador),FISSAL,MEDICAMENTO,94578.78
2021-08-01,No oncológico (comparador),FISSAL,PROCEDIMIENTO,81738.63
2021-08-01,No oncológico (comparador),SIS,INSUMO,164275.23
2021-08-01,No oncológico (comparador),SIS,MEDICAMENTO,499164.8002
2021-08-01,No oncológico (comparador),SIS,PROCEDIMIENTO,943581.09
2021-08-01,Otro,FISSAL,INSUMO,48034.18
2021-08-01,Otro,FISSAL,MEDICAMENTO,35262.67
2021-08-01,Otro,FISSAL,PROCEDIMIENTO,67176.05
2021-08-01,Otro,SIS,INSUMO,1698303.863
2021-08-01,Otro,SIS,MEDICAMENTO,2973984.9406
2021-08-01,Otro,SIS,PROCEDIMIENTO,3150635.41
2021-08-01,Próstata,FISSAL,INSUMO,74688.85
2021-08-01,Próstata,FISSAL,MEDICAMENTO,82079.1
2021-08-01,Próstata,FISSAL,PROCEDIMIENTO,97951.58
2021-08-01,Próstata,SIS,INSUMO,1662.3400000000001
2021-08-01,Próstata,SIS,MEDICAMENTO,1176.12
2021-08-01,Próstata,SIS,PROCEDIMIENTO,4357.28
2021-09-01,Colon,FISSAL,INSUMO,157947.59
2021-09-01,Colon,FISSAL,MEDICAMENTO,40562.496
2021-09-01,Colon,FISSAL,PROCEDIMIENTO,141191.22
2021-09-01,Colon,SIS,INSUMO,9265.29
2021-09-01,Colon,SIS,MEDICAMENTO,1656.876
2021-09-01,Colon,SIS,PROCEDIMIENTO,8890.41
2021-09-01,Cuello uterino,FISSAL,INSUMO,197978.88999999998
2021-09-01,Cuello uterino,FISSAL,MEDICAMENTO,174524.112
2021-09-01,Cuello uterino,FISSAL,PROCEDIMIENTO,279705.38
2021-09-01,Cuello uterino,SIS,INSUMO,13644.55
2021-09-01,Cuello uterino,SIS,MEDICAMENTO,3790.61
2021-09-01,Cuello uterino,SIS,PROCEDIMIENTO,13371.83
2021-09-01,Estómago,FISSAL,INSUMO,147437.01
2021-09-01,Estómago,FISSAL,MEDICAMENTO,45163.0986
2021-09-01,Estómago,FISSAL,PROCEDIMIENTO,130765.09
2021-09-01,Estómago,SIS,INSUMO,19107.0
2021-09-01,Estómago,SIS,MEDICAMENTO,4792.347
2021-09-01,Estómago,SIS,PROCEDIMIENTO,10375.75
2021-09-01,Leucemias,FISSAL,INSUMO,435577.13
2021-09-01,Leucemias,FISSAL,MEDICAMENTO,575610.8117
2021-09-01,Leucemias,FISSAL,PROCEDIMIENTO,1279280.06
2021-09-01,Leucemias,SIS,INSUMO,4653.17
2021-09-01,Leucemias,SIS,MEDICAMENTO,1264.65
2021-09-01,Leucemias,SIS,PROCEDIMIENTO,21034.74
2021-09-01,Linfomas,FISSAL,INSUMO,121137.52
2021-09-01,Linfomas,FISSAL,MEDICAMENTO,239150.273
2021-09-01,Linfomas,FISSAL,PROCEDIMIENTO,411994.12
2021-09-01,Linfomas,SIS,INSUMO,4695.8
2021-09-01,Linfomas,SIS,MEDICAMENTO,3001.396
2021-09-01,Linfomas,SIS,PROCEDIMIENTO,17521.16
2021-09-01,Mama,FISSAL,INSUMO,168955.82
2021-09-01,Mama,FISSAL,MEDICAMENTO,476339.886
2021-09-01,Mama,FISSAL,PROCEDIMIENTO,522487.27
2021-09-01,Mama,SIS,INSUMO,4865.28
2021-09-01,Mama,SIS,MEDICAMENTO,1218.503
2021-09-01,Mama,SIS,PROCEDIMIENTO,6976.79
2021-09-01,No oncológico (comparador),FISSAL,INSUMO,50849.24
2021-09-01,No oncológico (comparador),FISSAL,MEDICAMENTO,41183.65
2021-09-01,No oncológico (comparador),FISSAL,PROCEDIMIENTO,59475.200000000004
2021-09-01,No oncológico (comparador),SIS,INSUMO,156474.53
2021-09-01,No oncológico (comparador),SIS,MEDICAMENTO,336840.2718
2021-09-01,No oncológico (comparador),SIS,PROCEDIMIENTO,570154.96
2021-09-01,Otro,FISSAL,INSUMO,88339.38
2021-09-01,Otro,FISSAL,MEDICAMENTO,144601.23
2021-09-01,Otro,FISSAL,PROCEDIMIENTO,217503.08
2021-09-01,Otro,SIS,INSUMO,1704261.39
2021-09-01,Otro,SIS,MEDICAMENTO,3048186.057
2021-09-01,Otro,SIS,PROCEDIMIENTO,2723188.05
2021-09-01,Próstata,FISSAL,INSUMO,51518.3
2021-09-01,Próstata,FISSAL,MEDICAMENTO,76511.632
2021-09-01,Próstata,FISSAL,PROCEDIMIENTO,81538.06
2021-09-01,Próstata,SIS,INSUMO,1524.68
2021-09-01,Próstata,SIS,MEDICAMENTO,823.4
2021-09-01,Próstata,SIS,PROCEDIMIENTO,2103.94
2021-10-01,Colon,FISSAL,INSUMO,167917.35
2021-10-01,Colon,FISSAL,MEDICAMENTO,37553.322
2021-10-01,Colon,FISSAL,PROCEDIMIENTO,122089.57
2021-10-01,Colon,SIS,INSUMO,21803.02
2021-10-01,Colon,SIS,MEDICAMENTO,2094.9932
2021-10-01,Colon,SIS,PROCEDIMIENTO,12912.56
2021-10-01,Cuello uterino,FISSAL,INSUMO,227382.4
2021-10-01,Cuello uterino,FISSAL,MEDICAMENTO,168755.321
2021-10-01,Cuello uterino,FISSAL,PROCEDIMIENTO,285427.02
2021-10-01,Cuello uterino,SIS,INSUMO,5610.68
2021-10-01,Cuello uterino,SIS,MEDICAMENTO,1629.78
2021-10-01,Cuello uterino,SIS,PROCEDIMIENTO,4414.13
2021-10-01,Estómago,FISSAL,INSUMO,153180.95
2021-10-01,Estómago,FISSAL,MEDICAMENTO,75473.303
2021-10-01,Estómago,FISSAL,PROCEDIMIENTO,143213.83
2021-10-01,Estómago,SIS,INSUMO,23086.13
2021-10-01,Estómago,SIS,MEDICAMENTO,5270.1352
2021-10-01,Estómago,SIS,PROCEDIMIENTO,16471.86
2021-10-01,Leucemias,FISSAL,INSUMO,674129.34
2021-10-01,Leucemias,FISSAL,MEDICAMENTO,900002.835
2021-10-01,Leucemias,FISSAL,PROCEDIMIENTO,1892566.82
2021-10-01,Leucemias,SIS,INSUMO,202.36999999999998
2021-10-01,Leucemias,SIS,MEDICAMENTO,107.8
2021-10-01,Leucemias,SIS,PROCEDIMIENTO,3184.31
2021-10-01,Linfomas,FISSAL,INSUMO,231487.61
2021-10-01,Linfomas,FISSAL,MEDICAMENTO,262589.317
2021-10-01,Linfomas,FISSAL,PROCEDIMIENTO,482359.35
2021-10-01,Linfomas,SIS,INSUMO,3451.91
2021-10-01,Linfomas,SIS,MEDICAMENTO,1178.07
2021-10-01,Linfomas,SIS,PROCEDIMIENTO,9997.78
2021-10-01,Mama,FISSAL,INSUMO,168740.19
2021-10-01,Mama,FISSAL,MEDICAMENTO,429448.212
2021-10-01,Mama,FISSAL,PROCEDIMIENTO,538764.3099999999
2021-10-01,Mama,SIS,INSUMO,2524.21
2021-10-01,Mama,SIS,MEDICAMENTO,1134.18
2021-10-01,Mama,SIS,PROCEDIMIENTO,5666.45
2021-10-01,No oncológico (comparador),FISSAL,INSUMO,42126.670000000006
2021-10-01,No oncológico (comparador),FISSAL,MEDICAMENTO,12628.717999999999
2021-10-01,No oncológico (comparador),FISSAL,PROCEDIMIENTO,13591.45
2021-10-01,No oncológico (comparador),SIS,INSUMO,115690.49
2021-10-01,No oncológico (comparador),SIS,MEDICAMENTO,212124.936
2021-10-01,No oncológico (comparador),SIS,PROCEDIMIENTO,383236.47
2021-10-01,Otro,FISSAL,INSUMO,84531.05
2021-10-01,Otro,FISSAL,MEDICAMENTO,69012.923
2021-10-01,Otro,FISSAL,PROCEDIMIENTO,121009.7
2021-10-01,Otro,SIS,INSUMO,1413429.34
2021-10-01,Otro,SIS,MEDICAMENTO,2952558.0478
2021-10-01,Otro,SIS,PROCEDIMIENTO,2846978.1
2021-10-01,Próstata,FISSAL,INSUMO,60351.79
2021-10-01,Próstata,FISSAL,MEDICAMENTO,78013.33
2021-10-01,Próstata,FISSAL,PROCEDIMIENTO,87044.83
2021-10-01,Próstata,SIS,INSUMO,1627.36
2021-10-01,Próstata,SIS,MEDICAMENTO,400.07
2021-10-01,Próstata,SIS,PROCEDIMIENTO,4020.9700000000003
2021-11-01,Colon,FISSAL,INSUMO,151242.2
2021-11-01,Colon,FISSAL,MEDICAMENTO,32772.3692
2021-11-01,Colon,FISSAL,PROCEDIMIENTO,113555.25
2021-11-01,Colon,SIS,INSUMO,11614.76
2021-11-01,Colon,SIS,MEDICAMENTO,1892.8832
2021-11-01,Colon,SIS,PROCEDIMIENTO,9075.31
2021-11-01,Cuello uterino,FISSAL,INSUMO,190320.96
2021-11-01,Cuello uterino,FISSAL,MEDICAMENTO,152777.644
2021-11-01,Cuello uterino,FISSAL,PROCEDIMIENTO,267095.16
2021-11-01,Cuello uterino,SIS,INSUMO,4787.84
2021-11-01,Cuello uterino,SIS,MEDICAMENTO,1467.11
2021-11-01,Cuello uterino,SIS,PROCEDIMIENTO,4261.22
2021-11-01,Estómago,FISSAL,INSUMO,149518.49
2021-11-01,Estómago,FISSAL,MEDICAMENTO,46722.39
2021-11-01,Estómago,FISSAL,PROCEDIMIENTO,146681.81
2021-11-01,Estómago,SIS,INSUMO,24678.850000000002
2021-11-01,Estómago,SIS,MEDICAMENTO,5472.61
2021-11-01,Estómago,SIS,PROCEDIMIENTO,16076.13
2021-11-01,Leucemias,FISSAL,INSUMO,631829.3
2021-11-01,Leucemias,FISSAL,MEDICAMENTO,830375.83
2021-11-01,Leucemias,FISSAL,PROCEDIMIENTO,1591253.75
2021-11-01,Leucemias,SIS,INSUMO,2291.95
2021-11-01,Leucemias,SIS,MEDICAMENTO,316.17
2021-11-01,Leucemias,SIS,PROCEDIMIENTO,6344.0
2021-11-01,Linfomas,FISSAL,INSUMO,192163.93
2021-11-01,Linfomas,FISSAL,MEDICAMENTO,301636.463
2021-11-01,Linfomas,FISSAL,PROCEDIMIENTO,349344.33
2021-11-01,Linfomas,SIS,INSUMO,1404.85
2021-11-01,Linfomas,SIS,MEDICAMENTO,724.24
2021-11-01,Linfomas,SIS,PROCEDIMIENTO,7694.88
2021-11-01,Mama,FISSAL,INSUMO,199007.75
2021-11-01,Mama,FISSAL,MEDICAMENTO,488012.306
2021-11-01,Mama,FISSAL,PROCEDIMIENTO,524576.82
2021-11-01,Mama,SIS,INSUMO,2635.7400000000002
2021-11-01,Mama,SIS,MEDICAMENTO,1038.31
2021-11-01,Mama,SIS,PROCEDIMIENTO,7121.32
2021-11-01,No oncológico (comparador),FISSAL,INSUMO,36675.159999999996
2021-11-01,No oncológico (comparador),FISSAL,MEDICAMENTO,19343.239999999998
2021-11-01,No oncológico (comparador),FISSAL,PROCEDIMIENTO,30315.36
2021-11-01,No oncológico (comparador),SIS,INSUMO,111327.86
2021-11-01,No oncológico (comparador),SIS,MEDICAMENTO,267060.105
2021-11-01,No oncológico (comparador),SIS,PROCEDIMIENTO,397603.16
2021-11-01,Otro,FISSAL,INSUMO,67957.07
2021-11-01,Otro,FISSAL,MEDICAMENTO,66930.31999999999
2021-11-01,Otro,FISSAL,PROCEDIMIENTO,84656.41
2021-11-01,Otro,SIS,INSUMO,1759428.12
2021-11-01,Otro,SIS,MEDICAMENTO,2809085.5982
2021-11-01,Otro,SIS,PROCEDIMIENTO,3020041.45
2021-11-01,Próstata,FISSAL,INSUMO,72469.23
2021-11-01,Próstata,FISSAL,MEDICAMENTO,78500.7866
2021-11-01,Próstata,FISSAL,PROCEDIMIENTO,90274.1
2021-11-01,Próstata,SIS,INSUMO,1204.4
2021-11-01,Próstata,SIS,MEDICAMENTO,527.67
2021-11-01,Próstata,SIS,PROCEDIMIENTO,2106.4
2021-12-01,Colon,FISSAL,INSUMO,151332.14
2021-12-01,Colon,FISSAL,MEDICAMENTO,30223.29
2021-12-01,Colon,FISSAL,PROCEDIMIENTO,114590.56
2021-12-01,Colon,SIS,INSUMO,22228.29
2021-12-01,Colon,SIS,MEDICAMENTO,4126.64
2021-12-01,Colon,SIS,PROCEDIMIENTO,17966.51
2021-12-01,Cuello uterino,FISSAL,INSUMO,165095.62
2021-12-01,Cuello uterino,FISSAL,MEDICAMENTO,151995.568
2021-12-01,Cuello uterino,FISSAL,PROCEDIMIENTO,229575.84
2021-12-01,Cuello uterino,SIS,INSUMO,3579.42
2021-12-01,Cuello uterino,SIS,MEDICAMENTO,2599.18
2021-12-01,Cuello uterino,SIS,PROCEDIMIENTO,9782.36
2021-12-01,Estómago,FISSAL,INSUMO,72048.52
2021-12-01,Estómago,FISSAL,MEDICAMENTO,39705.7516
2021-12-01,Estómago,FISSAL,PROCEDIMIENTO,96391.73
2021-12-01,Estómago,SIS,INSUMO,28843.25
2021-12-01,Estómago,SIS,MEDICAMENTO,7345.8632
2021-12-01,Estómago,SIS,PROCEDIMIENTO,17079.18
2021-12-01,Leucemias,FISSAL,INSUMO,353286.53
2021-12-01,Leucemias,FISSAL,MEDICAMENTO,448924.984
2021-12-01,Leucemias,FISSAL,PROCEDIMIENTO,944760.41
2021-12-01,Leucemias,SIS,INSUMO,6762.57
2021-12-01,Leucemias,SIS,MEDICAMENTO,1309.06
2021-12-01,Leucemias,SIS,PROCEDIMIENTO,9627.24
2021-12-01,Linfomas,FISSAL,INSUMO,180188.0
2021-12-01,Linfomas,FISSAL,MEDICAMENTO,227917.59
2021-12-01,Linfomas,FISSAL,PROCEDIMIENTO,360803.67
2021-12-01,Linfomas,SIS,INSUMO,4569.81
2021-12-01,Linfomas,SIS,MEDICAMENTO,2090.0414
2021-12-01,Linfomas,SIS,PROCEDIMIENTO,5238.65
2021-12-01,Mama,FISSAL,INSUMO,238088.68
2021-12-01,Mama,FISSAL,MEDICAMENTO,533741.944
2021-12-01,Mama,FISSAL,PROCEDIMIENTO,496791.45999999996
2021-12-01,Mama,SIS,INSUMO,2797.66
2021-12-01,Mama,SIS,MEDICAMENTO,1451.85
2021-12-01,Mama,SIS,PROCEDIMIENTO,7310.31
2021-12-01,No oncológico (comparador),FISSAL,INSUMO,8116.43
2021-12-01,No oncológico (comparador),FISSAL,MEDICAMENTO,63374.56
2021-12-01,No oncológico (comparador),FISSAL,PROCEDIMIENTO,90270.81
2021-12-01,No oncológico (comparador),SIS,INSUMO,239184.44
2021-12-01,No oncológico (comparador),SIS,MEDICAMENTO,482857.9484
2021-12-01,No oncológico (comparador),SIS,PROCEDIMIENTO,950890.7000000001
2021-12-01,Otro,FISSAL,INSUMO,64637.76
2021-12-01,Otro,FISSAL,MEDICAMENTO,73373.51
2021-12-01,Otro,FISSAL,PROCEDIMIENTO,121409.58
2021-12-01,Otro,SIS,INSUMO,1881463.61
2021-12-01,Otro,SIS,MEDICAMENTO,3175197.349
2021-12-01,Otro,SIS,PROCEDIMIENTO,2947311.12
2021-12-01,Próstata,FISSAL,INSUMO,60570.51
2021-12-01,Próstata,FISSAL,MEDICAMENTO,95108.338
2021-12-01,Próstata,FISSAL,PROCEDIMIENTO,82929.49
2021-12-01,Próstata,SIS,INSUMO,965.5
2021-12-01,Próstata,SIS,MEDICAMENTO,560.542
2021-12-01,Próstata,SIS,PROCEDIMIENTO,2982.0499999999997
2022-01-01,Colon,FISSAL,INSUMO,162616.01
2022-01-01,Colon,FISSAL,MEDICAMENTO,26304.772
2022-01-01,Colon,FISSAL,PROCEDIMIENTO,106501.14
2022-01-01,Colon,SIS,INSUMO,8673.21
2022-01-01,Colon,SIS,MEDICAMENTO,3421.56
2022-01-01,Colon,SIS,PROCEDIMIENTO,12491.79
2022-01-01,Cuello uterino,FISSAL,INSUMO,131906.66999999998
2022-01-01,Cuello uterino,FISSAL,MEDICAMENTO,112700.322
2022-01-01,Cuello uterino,FISSAL,PROCEDIMIENTO,200732.04
2022-01-01,Cuello uterino,SIS,INSUMO,3792.67
2022-01-01,Cuello uterino,SIS,MEDICAMENTO,2670.44
2022-01-01,Cuello uterino,SIS,PROCEDIMIENTO,7496.8
2022-01-01,Estómago,FISSAL,INSUMO,90898.87
2022-01-01,Estómago,FISSAL,MEDICAMENTO,37381.811
2022-01-01,Estómago,FISSAL,PROCEDIMIENTO,99177.09
2022-01-01,Estómago,SIS,INSUMO,23254.43
2022-01-01,Estómago,SIS,MEDICAMENTO,8454.728000000001
2022-01-01,Estómago,SIS,PROCEDIMIENTO,15542.56
2022-01-01,Leucemias,FISSAL,INSUMO,400695.81
2022-01-01,Leucemias,FISSAL,MEDICAMENTO,357906.708
2022-01-01,Leucemias,FISSAL,PROCEDIMIENTO,944768.58
2022-01-01,Leucemias,SIS,INSUMO,4316.93
2022-01-01,Leucemias,SIS,MEDICAMENTO,1765.49
2022-01-01,Leucemias,SIS,PROCEDIMIENTO,7484.35
2022-01-01,Linfomas,FISSAL,INSUMO,140953.61
2022-01-01,Linfomas,FISSAL,MEDICAMENTO,204050.788
2022-01-01,Linfomas,FISSAL,PROCEDIMIENTO,323307.89
2022-01-01,Linfomas,SIS,INSUMO,1378.17
2022-01-01,Linfomas,SIS,MEDICAMENTO,751.96
2022-01-01,Linfomas,SIS,PROCEDIMIENTO,3024.28
2022-01-01,Mama,FISSAL,INSUMO,182102.65
2022-01-01,Mama,FISSAL,MEDICAMENTO,573264.756
2022-01-01,Mama,FISSAL,PROCEDIMIENTO,416080.81
2022-01-01,Mama,SIS,INSUMO,4291.85
2022-01-01,Mama,SIS,MEDICAMENTO,2455.406
2022-01-01,Mama,SIS,PROCEDIMIENTO,11599.37
2022-01-01,No oncológico (comparador),FISSAL,INSUMO,2138.13
2022-01-01,No oncológico (comparador),FISSAL,MEDICAMENTO,95836.4
2022-01-01,No oncológico (comparador),FISSAL,PROCEDIMIENTO,129663.24
2022-01-01,No oncológico (comparador),SIS,INSUMO,297334.58
2022-01-01,No oncológico (comparador),SIS,MEDICAMENTO,531810.576
2022-01-01,No oncológico (comparador),SIS,PROCEDIMIENTO,1132656.72
2022-01-01,Otro,FISSAL,INSUMO,45444.59
2022-01-01,Otro,FISSAL,MEDICAMENTO,28608.95
2022-01-01,Otro,FISSAL,PROCEDIMIENTO,64669.090000000004
2022-01-01,Otro,SIS,INSUMO,1492095.12
2022-01-01,Otro,SIS,MEDICAMENTO,2593228.2196
2022-01-01,Otro,SIS,PROCEDIMIENTO,2827083.43
2022-01-01,Próstata,FISSAL,INSUMO,46852.75
2022-01-01,Próstata,FISSAL,MEDICAMENTO,65192.2024
2022-01-01,Próstata,FISSAL,PROCEDIMIENTO,94079.89
2022-01-01,Próstata,SIS,INSUMO,1998.8
2022-01-01,Próstata,SIS,MEDICAMENTO,731.49
2022-01-01,Próstata,SIS,PROCEDIMIENTO,3113.72
2022-02-01,Colon,FISSAL,INSUMO,110102.73
2022-02-01,Colon,FISSAL,MEDICAMENTO,25911.09
2022-02-01,Colon,FISSAL,PROCEDIMIENTO,83925.43
2022-02-01,Colon,SIS,INSUMO,9112.83
2022-02-01,Colon,SIS,MEDICAMENTO,1751.08
2022-02-01,Colon,SIS,PROCEDIMIENTO,10332.38
2022-02-01,Cuello uterino,FISSAL,INSUMO,118403.13
2022-02-01,Cuello uterino,FISSAL,MEDICAMENTO,82512.007
2022-02-01,Cuello uterino,FISSAL,PROCEDIMIENTO,189916.18
2022-02-01,Cuello uterino,SIS,INSUMO,3492.38
2022-02-01,Cuello uterino,SIS,MEDICAMENTO,2898.8
2022-02-01,Cuello uterino,SIS,PROCEDIMIENTO,3892.84
2022-02-01,Estómago,FISSAL,INSUMO,168443.94
2022-02-01,Estómago,FISSAL,MEDICAMENTO,46367.3564
2022-02-01,Estómago,FISSAL,PROCEDIMIENTO,125749.16
2022-02-01,Estómago,SIS,INSUMO,19128.489999999998
2022-02-01,Estómago,SIS,MEDICAMENTO,5249.516
2022-02-01,Estómago,SIS,PROCEDIMIENTO,13261.39
2022-02-01,Leucemias,FISSAL,INSUMO,378411.68
2022-02-01,Leucemias,FISSAL,MEDICAMENTO,304896.826
2022-02-01,Leucemias,FISSAL,PROCEDIMIENTO,886977.23
2022-02-01,Leucemias,SIS,INSUMO,8855.76
2022-02-01,Leucemias,SIS,MEDICAMENTO,3159.93
2022-02-01,Leucemias,SIS,PROCEDIMIENTO,15863.28
2022-02-01,Linfomas,FISSAL,INSUMO,156552.29
2022-02-01,Linfomas,FISSAL,MEDICAMENTO,159316.4102
2022-02-01,Linfomas,FISSAL,PROCEDIMIENTO,336709.23
2022-02-01,Linfomas,SIS,INSUMO,3266.23
2022-02-01,Linfomas,SIS,MEDICAMENTO,1635.7276
2022-02-01,Linfomas,SIS,PROCEDIMIENTO,8761.26
2022-02-01,Mama,FISSAL,INSUMO,155638.6
2022-02-01,Mama,FISSAL,MEDICAMENTO,408012.905
2022-02-01,Mama,FISSAL,PROCEDIMIENTO,380480.65
2022-02-01,Mama,SIS,INSUMO,1734.24
2022-02-01,Mama,SIS,MEDICAMENTO,811.6800000000001
2022-02-01,Mama,SIS,PROCEDIMIENTO,6611.32
2022-02-01,No oncológico (comparador),FISSAL,INSUMO,26424.97
2022-02-01,No oncológico (comparador),FISSAL,MEDICAMENTO,80673.12
2022-02-01,No oncológico (comparador),FISSAL,PROCEDIMIENTO,107667.18000000001
2022-02-01,No oncológico (comparador),SIS,INSUMO,291387.22000000003
2022-02-01,No oncológico (comparador),SIS,MEDICAMENTO,667877.5712
2022-02-01,No oncológico (comparador),SIS,PROCEDIMIENTO,1165515.25
2022-02-01,Otro,FISSAL,INSUMO,25891.46
2022-02-01,Otro,FISSAL,MEDICAMENTO,46495.49
2022-02-01,Otro,FISSAL,PROCEDIMIENTO,44106.55
2022-02-01,Otro,SIS,INSUMO,1449061.33
2022-02-01,Otro,SIS,MEDICAMENTO,2492006.5612
2022-02-01,Otro,SIS,PROCEDIMIENTO,2996578.12
2022-02-01,Próstata,FISSAL,INSUMO,40148.15
2022-02-01,Próstata,FISSAL,MEDICAMENTO,59962.748
2022-02-01,Próstata,FISSAL,PROCEDIMIENTO,80893.89
2022-02-01,Próstata,SIS,INSUMO,711.69
2022-02-01,Próstata,SIS,MEDICAMENTO,407.16
2022-02-01,Próstata,SIS,PROCEDIMIENTO,2362.91
2022-03-01,Colon,FISSAL,INSUMO,162657.61
2022-03-01,Colon,FISSAL,MEDICAMENTO,42001.566
2022-03-01,Colon,FISSAL,PROCEDIMIENTO,155102.74
2022-03-01,Colon,SIS,INSUMO,3047.89
2022-03-01,Colon,SIS,MEDICAMENTO,789.04
2022-03-01,Colon,SIS,PROCEDIMIENTO,7714.09
2022-03-01,Cuello uterino,FISSAL,INSUMO,210535.16
2022-03-01,Cuello uterino,FISSAL,MEDICAMENTO,136561.209
2022-03-01,Cuello uterino,FISSAL,PROCEDIMIENTO,266946.29
2022-03-01,Cuello uterino,SIS,INSUMO,2732.11
2022-03-01,Cuello uterino,SIS,MEDICAMENTO,1743.92
2022-03-01,Cuello uterino,SIS,PROCEDIMIENTO,6777.12
2022-03-01,Estómago,FISSAL,INSUMO,158016.52
2022-03-01,Estómago,FISSAL,MEDICAMENTO,65341.3106
2022-03-01,Estómago,FISSAL,PROCEDIMIENTO,158684.0
2022-03-01,Estómago,SIS,INSUMO,7337.39
2022-03-01,Estómago,SIS,MEDICAMENTO,2854.775
2022-03-01,Estómago,SIS,PROCEDIMIENTO,9620.06
2022-03-01,Leucemias,FISSAL,INSUMO,696127.73
2022-03-01,Leucemias,FISSAL,MEDICAMENTO,746634.9618
2022-03-01,Leucemias,FISSAL,PROCEDIMIENTO,1830447.83
2022-03-01,Leucemias,SIS,INSUMO,1438.0
2022-03-01,Leucemias,SIS,MEDICAMENTO,97.47
2022-03-01,Leucemias,SIS,PROCEDIMIENTO,2959.85
2022-03-01,Linfomas,FISSAL,INSUMO,234441.29
2022-03-01,Linfomas,FISSAL,MEDICAMENTO,250258.8574
2022-03-01,Linfomas,FISSAL,PROCEDIMIENTO,554852.43
2022-03-01,Linfomas,SIS,INSUMO,894.2
2022-03-01,Linfomas,SIS,MEDICAMENTO,819.61
2022-03-01,Linfomas,SIS,PROCEDIMIENTO,3615.09
2022-03-01,Mama,FISSAL,INSUMO,257071.27
2022-03-01,Mama,FISSAL,MEDICAMENTO,480865.0392
2022-03-01,Mama,FISSAL,PROCEDIMIENTO,537797.03
2022-03-01,Mama,SIS,INSUMO,3304.74
2022-03-01,Mama,SIS,MEDICAMENTO,1064.8700000000001
2022-03-01,Mama,SIS,PROCEDIMIENTO,5415.7
2022-03-01,No oncológico (comparador),FISSAL,INSUMO,65015.02
2022-03-01,No oncológico (comparador),FISSAL,MEDICAMENTO,26281.41
2022-03-01,No oncológico (comparador),FISSAL,PROCEDIMIENTO,23528.25
2022-03-01,No oncológico (comparador),SIS,INSUMO,104651.20999999999
2022-03-01,No oncológico (comparador),SIS,MEDICAMENTO,196513.15840000001
2022-03-01,No oncológico (comparador),SIS,PROCEDIMIENTO,441121.73
2022-03-01,Otro,FISSAL,INSUMO,61810.39
2022-03-01,Otro,FISSAL,MEDICAMENTO,291545.27
2022-03-01,Otro,FISSAL,PROCEDIMIENTO,136203.79
2022-03-01,Otro,SIS,INSUMO,1692498.0
2022-03-01,Otro,SIS,MEDICAMENTO,2858495.579
2022-03-01,Otro,SIS,PROCEDIMIENTO,3383212.16
2022-03-01,Próstata,FISSAL,INSUMO,53437.21
2022-03-01,Próstata,FISSAL,MEDICAMENTO,68720.802
2022-03-01,Próstata,FISSAL,PROCEDIMIENTO,121005.16
2022-03-01,Próstata,SIS,INSUMO,821.1999999999999
2022-03-01,Próstata,SIS,MEDICAMENTO,619.764
2022-03-01,Próstata,SIS,PROCEDIMIENTO,1217.59
2022-04-01,Colon,FISSAL,INSUMO,139046.24
2022-04-01,Colon,FISSAL,MEDICAMENTO,40786.343199999996
2022-04-01,Colon,FISSAL,PROCEDIMIENTO,115417.33
2022-04-01,Colon,SIS,INSUMO,5788.46
2022-04-01,Colon,SIS,MEDICAMENTO,1371.46
2022-04-01,Colon,SIS,PROCEDIMIENTO,6770.25
2022-04-01,Cuello uterino,FISSAL,INSUMO,171444.6
2022-04-01,Cuello uterino,FISSAL,MEDICAMENTO,138119.0678
2022-04-01,Cuello uterino,FISSAL,PROCEDIMIENTO,250432.37
2022-04-01,Cuello uterino,SIS,INSUMO,2952.86
2022-04-01,Cuello uterino,SIS,MEDICAMENTO,2271.27
2022-04-01,Cuello uterino,SIS,PROCEDIMIENTO,10243.68
2022-04-01,Estómago,FISSAL,INSUMO,129933.12
2022-04-01,Estómago,FISSAL,MEDICAMENTO,39942.973
2022-04-01,Estómago,FISSAL,PROCEDIMIENTO,128410.54000000001
2022-04-01,Estómago,SIS,INSUMO,6199.06
2022-04-01,Estómago,SIS,MEDICAMENTO,4971.74
2022-04-01,Estómago,SIS,PROCEDIMIENTO,7814.74
2022-04-01,Leucemias,FISSAL,INSUMO,607893.41
2022-04-01,Leucemias,FISSAL,MEDICAMENTO,680169.5154
2022-04-01,Leucemias,FISSAL,PROCEDIMIENTO,1820039.28
2022-04-01,Leucemias,SIS,INSUMO,371.68
2022-04-01,Leucemias,SIS,MEDICAMENTO,190.72
2022-04-01,Leucemias,SIS,PROCEDIMIENTO,9848.34
2022-04-01,Linfomas,FISSAL,INSUMO,318832.54
2022-04-01,Linfomas,FISSAL,MEDICAMENTO,428372.4674
2022-04-01,Linfomas,FISSAL,PROCEDIMIENTO,607854.44
2022-04-01,Linfomas,SIS,INSUMO,1216.6100000000001
2022-04-01,Linfomas,SIS,MEDICAMENTO,998.293
2022-04-01,Linfomas,SIS,PROCEDIMIENTO,4790.92
2022-04-01,Mama,FISSAL,INSUMO,199412.45
2022-04-01,Mama,FISSAL,MEDICAMENTO,493346.82519999996
2022-04-01,Mama,FISSAL,PROCEDIMIENTO,518755.22
2022-04-01,Mama,SIS,INSUMO,1523.42
2022-04-01,Mama,SIS,MEDICAMENTO,1467.11
2022-04-01,Mama,SIS,PROCEDIMIENTO,6386.1
2022-04-01,No oncológico (comparador),FISSAL,INSUMO,47468.15
2022-04-01,No oncológico (comparador),FISSAL,MEDICAMENTO,9492.523
2022-04-01,No oncológico (comparador),FISSAL,PROCEDIMIENTO,3552.06
2022-04-01,No oncológico (comparador),SIS,INSUMO,106937.61
2022-04-01,No oncológico (comparador),SIS,MEDICAMENTO,146630.1226
2022-04-01,No oncológico (comparador),SIS,PROCEDIMIENTO,294532.82
2022-04-01,Otro,FISSAL,INSUMO,35141.72
2022-04-01,Otro,FISSAL,MEDICAMENTO,14488.22
2022-04-01,Otro,FISSAL,PROCEDIMIENTO,62263.6
2022-04-01,Otro,SIS,INSUMO,1596649.248
2022-04-01,Otro,SIS,MEDICAMENTO,2993345.9148
2022-04-01,Otro,SIS,PROCEDIMIENTO,2772850.89
2022-04-01,Próstata,FISSAL,INSUMO,50722.35
2022-04-01,Próstata,FISSAL,MEDICAMENTO,71053.336
2022-04-01,Próstata,FISSAL,PROCEDIMIENTO,102739.79
2022-04-01,Próstata,SIS,INSUMO,328.42
2022-04-01,Próstata,SIS,MEDICAMENTO,87.93
2022-04-01,Próstata,SIS,PROCEDIMIENTO,1449.15
2022-05-01,Colon,FISSAL,INSUMO,184906.23
2022-05-01,Colon,FISSAL,MEDICAMENTO,48051.9818
2022-05-01,Colon,FISSAL,PROCEDIMIENTO,164163.74
2022-05-01,Colon,SIS,INSUMO,10639.43
2022-05-01,Colon,SIS,MEDICAMENTO,1420.31
2022-05-01,Colon,SIS,PROCEDIMIENTO,11174.86
2022-05-01,Cuello uterino,FISSAL,INSUMO,244655.22
2022-05-01,Cuello uterino,FISSAL,MEDICAMENTO,168151.5326
2022-05-01,Cuello uterino,FISSAL,PROCEDIMIENTO,352133.88
2022-05-01,Cuello uterino,SIS,INSUMO,3973.43
2022-05-01,Cuello uterino,SIS,MEDICAMENTO,3570.91
2022-05-01,Cuello uterino,SIS,PROCEDIMIENTO,19121.91
2022-05-01,Estómago,FISSAL,INSUMO,187517.2
2022-05-01,Estómago,FISSAL,MEDICAMENTO,75410.931
2022-05-01,Estómago,FISSAL,PROCEDIMIENTO,188819.16
2022-05-01,Estómago,SIS,INSUMO,5914.68
2022-05-01,Estómago,SIS,MEDICAMENTO,3243.238
2022-05-01,Estómago,SIS,PROCEDIMIENTO,17816.16
2022-05-01,Leucemias,FISSAL,INSUMO,568010.31
2022-05-01,Leucemias,FISSAL,MEDICAMENTO,879384.5222
2022-05-01,Leucemias,FISSAL,PROCEDIMIENTO,1752115.43
2022-05-01,Leucemias,SIS,INSUMO,1630.45
2022-05-01,Leucemias,SIS,MEDICAMENTO,124.61
2022-05-01,Leucemias,SIS,PROCEDIMIENTO,5140.6900000000005
2022-05-01,Linfomas,FISSAL,INSUMO,242261.93
2022-05-01,Linfomas,FISSAL,MEDICAMENTO,269037.93
2022-05-01,Linfomas,FISSAL,PROCEDIMIENTO,535148.14
2022-05-01,Linfomas,SIS,INSUMO,1343.98
2022-05-01,Linfomas,SIS,MEDICAMENTO,1177.98
2022-05-01,Linfomas,SIS,PROCEDIMIENTO,4070.2000000000003
2022-05-01,Mama,FISSAL,INSUMO,269182.7
2022-05-01,Mama,FISSAL,MEDICAMENTO,671592.8198
2022-05-01,Mama,FISSAL,PROCEDIMIENTO,666237.43
2022-05-01,Mama,SIS,INSUMO,5915.24
2022-05-01,Mama,SIS,MEDICAMENTO,5437.530000000001
2022-05-01,Mama,SIS,PROCEDIMIENTO,32934.13
2022-05-01,No oncológico (comparador),FISSAL,INSUMO,35500.67
2022-05-01,No oncológico (comparador),FISSAL,MEDICAMENTO,7922.9400000000005
2022-05-01,No oncológico (comparador),FISSAL,PROCEDIMIENTO,10177.56
2022-05-01,No oncológico (comparador),SIS,INSUMO,142645.68
2022-05-01,No oncológico (comparador),SIS,MEDICAMENTO,106819.4166
2022-05-01,No oncológico (comparador),SIS,PROCEDIMIENTO,338729.0
2022-05-01,Otro,FISSAL,INSUMO,84955.92
2022-05-01,Otro,FISSAL,MEDICAMENTO,88537.403
2022-05-01,Otro,FISSAL,PROCEDIMIENTO,186705.54
2022-05-01,Otro,SIS,INSUMO,1905026.2
2022-05-01,Otro,SIS,MEDICAMENTO,2319625.3638
2022-05-01,Otro,SIS,PROCEDIMIENTO,2270575.93
2022-05-01,Próstata,FISSAL,INSUMO,76029.78
2022-05-01,Próstata,FISSAL,MEDICAMENTO,60014.01
2022-05-01,Próstata,FISSAL,PROCEDIMIENTO,155793.35
2022-05-01,Próstata,SIS,INSUMO,1570.66
2022-05-01,Próstata,SIS,MEDICAMENTO,1499.188
2022-05-01,Próstata,SIS,PROCEDIMIENTO,12209.32
2022-06-01,Colon,FISSAL,INSUMO,199161.59
2022-06-01,Colon,FISSAL,MEDICAMENTO,34974.4
2022-06-01,Colon,FISSAL,PROCEDIMIENTO,183876.2
2022-06-01,Colon,SIS,INSUMO,8996.14
2022-06-01,Colon,SIS,MEDICAMENTO,1796.0331999999999
2022-06-01,Colon,SIS,PROCEDIMIENTO,15586.89
2022-06-01,Cuello uterino,FISSAL,INSUMO,229607.2
2022-06-01,Cuello uterino,FISSAL,MEDICAMENTO,149405.976
2022-06-01,Cuello uterino,FISSAL,PROCEDIMIENTO,505860.31
2022-06-01,Cuello uterino,SIS,INSUMO,4526.75
2022-06-01,Cuello uterino,SIS,MEDICAMENTO,3195.84
2022-06-01,Cuello uterino,SIS,PROCEDIMIENTO,18649.62
2022-06-01,Estómago,FISSAL,INSUMO,134901.81
2022-06-01,Estómago,FISSAL,MEDICAMENTO,64209.563
2022-06-01,Estómago,FISSAL,PROCEDIMIENTO,181101.99
2022-06-01,Estómago,SIS,INSUMO,21236.2
2022-06-01,Estómago,SIS,MEDICAMENTO,8073.0442
2022-06-01,Estómago,SIS,PROCEDIMIENTO,18832.59
2022-06-01,Leucemias,FISSAL,INSUMO,688365.7
2022-06-01,Leucemias,FISSAL,MEDICAMENTO,887722.523
2022-06-01,Leucemias,FISSAL,PROCEDIMIENTO,1873067.01
2022-06-01,Leucemias,SIS,INSUMO,2873.25
2022-06-01,Leucemias,SIS,MEDICAMENTO,515.66
2022-06-01,Leucemias,SIS,PROCEDIMIENTO,16674.61
2022-06-01,Linfomas,FISSAL,INSUMO,183635.89
2022-06-01,Linfomas,FISSAL,MEDICAMENTO,211116.8578
2022-06-01,Linfomas,FISSAL,PROCEDIMIENTO,482236.85
2022-06-01,Linfomas,SIS,INSUMO,755.88
2022-06-01,Linfomas,SIS,MEDICAMENTO,728.5799999999999
2022-06-01,Linfomas,SIS,PROCEDIMIENTO,8464.68
2022-06-01,Mama,FISSAL,INSUMO,286753.38
2022-06-01,Mama,FISSAL,MEDICAMENTO,549425.5892
2022-06-01,Mama,FISSAL,PROCEDIMIENTO,786703.02
2022-06-01,Mama,SIS,INSUMO,9582.12
2022-06-01,Mama,SIS,MEDICAMENTO,3607.658
2022-06-01,Mama,SIS,PROCEDIMIENTO,35782.58
2022-06-01,No oncológico (comparador),FISSAL,INSUMO,39115.86
2022-06-01,No oncológico (comparador),FISSAL,MEDICAMENTO,10344.970000000001
2022-06-01,No oncológico (comparador),FISSAL,PROCEDIMIENTO,5073.34
2022-06-01,No oncológico (comparador),SIS,INSUMO,159097.06
2022-06-01,No oncológico (comparador),SIS,MEDICAMENTO,101607.1914
2022-06-01,No oncológico (comparador),SIS,PROCEDIMIENTO,291305.79
2022-06-01,Otro,FISSAL,INSUMO,89706.55
2022-06-01,Otro,FISSAL,MEDICAMENTO,78120.98
2022-06-01,Otro,FISSAL,PROCEDIMIENTO,241339.35
2022-06-01,Otro,SIS,INSUMO,1984766.55
2022-06-01,Otro,SIS,MEDICAMENTO,2851507.6656
2022-06-01,Otro,SIS,PROCEDIMIENTO,2659381.88
2022-06-01,Próstata,FISSAL,INSUMO,71461.05
2022-06-01,Próstata,FISSAL,MEDICAMENTO,55073.476
2022-06-01,Próstata,FISSAL,PROCEDIMIENTO,202378.96
2022-06-01,Próstata,SIS,INSUMO,1737.0200000000002
2022-06-01,Próstata,SIS,MEDICAMENTO,883.41
2022-06-01,Próstata,SIS,PROCEDIMIENTO,9803.2
2022-07-01,Colon,FISSAL,INSUMO,185267.83
2022-07-01,Colon,FISSAL,MEDICAMENTO,32404.122
2022-07-01,Colon,FISSAL,PROCEDIMIENTO,158223.43
2022-07-01,Colon,SIS,INSUMO,11293.26
2022-07-01,Colon,SIS,MEDICAMENTO,2748.3564
2022-07-01,Colon,SIS,PROCEDIMIENTO,10995.11
2022-07-01,Cuello uterino,FISSAL,INSUMO,247969.49
2022-07-01,Cuello uterino,FISSAL,MEDICAMENTO,131354.2562
2022-07-01,Cuello uterino,FISSAL,PROCEDIMIENTO,558355.08
2022-07-01,Cuello uterino,SIS,INSUMO,6640.97
2022-07-01,Cuello uterino,SIS,MEDICAMENTO,5697.894
2022-07-01,Cuello uterino,SIS,PROCEDIMIENTO,25921.55
2022-07-01,Estómago,FISSAL,INSUMO,169430.07
2022-07-01,Estómago,FISSAL,MEDICAMENTO,90330.407
2022-07-01,Estómago,FISSAL,PROCEDIMIENTO,269829.29
2022-07-01,Estómago,SIS,INSUMO,27837.35
2022-07-01,Estómago,SIS,MEDICAMENTO,9950.915
2022-07-01,Estómago,SIS,PROCEDIMIENTO,28203.52
2022-07-01,Leucemias,FISSAL,INSUMO,645058.02
2022-07-01,Leucemias,FISSAL,MEDICAMENTO,948882.1606000001
2022-07-01,Leucemias,FISSAL,PROCEDIMIENTO,1707274.1
2022-07-01,Leucemias,SIS,INSUMO,3606.84
2022-07-01,Leucemias,SIS,MEDICAMENTO,335.87
2022-07-01,Leucemias,SIS,PROCEDIMIENTO,7696.56
2022-07-01,Linfomas,FISSAL,INSUMO,182852.87
2022-07-01,Linfomas,FISSAL,MEDICAMENTO,165044.523
2022-07-01,Linfomas,FISSAL,PROCEDIMIENTO,448967.84
2022-07-01,Linfomas,SIS,INSUMO,1959.0
2022-07-01,Linfomas,SIS,MEDICAMENTO,1858.57
2022-07-01,Linfomas,SIS,PROCEDIMIENTO,7769.17
2022-07-01,Mama,FISSAL,INSUMO,314595.29
2022-07-01,Mama,FISSAL,MEDICAMENTO,395996.67600000004
2022-07-01,Mama,FISSAL,PROCEDIMIENTO,798304.88
2022-07-01,Mama,SIS,INSUMO,15148.92
2022-07-01,Mama,SIS,MEDICAMENTO,4406.69
2022-07-01,Mama,SIS,PROCEDIMIENTO,39769.9
2022-07-01,No oncológico (comparador),FISSAL,INSUMO,13876.33
2022-07-01,No oncológico (comparador),FISSAL,MEDICAMENTO,4436.110000000001
2022-07-01,No oncológico (comparador),FISSAL,PROCEDIMIENTO,7015.49
2022-07-01,No oncológico (comparador),SIS,INSUMO,113522.21
2022-07-01,No oncológico (comparador),SIS,MEDICAMENTO,98977.9852
2022-07-01,No oncológico (comparador),SIS,PROCEDIMIENTO,297858.96
2022-07-01,Otro,FISSAL,INSUMO,129109.92
2022-07-01,Otro,FISSAL,MEDICAMENTO,98155.68000000001
2022-07-01,Otro,FISSAL,PROCEDIMIENTO,215996.91
2022-07-01,Otro,SIS,INSUMO,1872816.03
2022-07-01,Otro,SIS,MEDICAMENTO,2513261.119
2022-07-01,Otro,SIS,PROCEDIMIENTO,2698487.36
2022-07-01,Próstata,FISSAL,INSUMO,104750.58
2022-07-01,Próstata,FISSAL,MEDICAMENTO,47384.508
2022-07-01,Próstata,FISSAL,PROCEDIMIENTO,215368.08
2022-07-01,Próstata,SIS,INSUMO,4808.15
2022-07-01,Próstata,SIS,MEDICAMENTO,948.3396
2022-07-01,Próstata,SIS,PROCEDIMIENTO,8498.05
2022-08-01,Colon,FISSAL,INSUMO,118201.734
2022-08-01,Colon,FISSAL,MEDICAMENTO,25337.286
2022-08-01,Colon,FISSAL,PROCEDIMIENTO,146575.52
2022-08-01,Colon,SIS,INSUMO,6540.451
2022-08-01,Colon,SIS,MEDICAMENTO,1918.0096
2022-08-01,Colon,SIS,PROCEDIMIENTO,14231.01
2022-08-01,Cuello uterino,FISSAL,INSUMO,295951.981
2022-08-01,Cuello uterino,FISSAL,MEDICAMENTO,143014.972
2022-08-01,Cuello uterino,FISSAL,PROCEDIMIENTO,719580.97
2022-08-01,Cuello uterino,SIS,INSUMO,6318.644
2022-08-01,Cuello uterino,SIS,MEDICAMENTO,4310.31
2022-08-01,Cuello uterino,SIS,PROCEDIMIENTO,37301.01
2022-08-01,Estómago,FISSAL,INSUMO,167943.008
2022-08-01,Estómago,FISSAL,MEDICAMENTO,59698.388
2022-08-01,Estómago,FISSAL,PROCEDIMIENTO,192196.82
2022-08-01,Estómago,SIS,INSUMO,8659.538
2022-08-01,Estómago,SIS,MEDICAMENTO,5593.018
2022-08-01,Estómago,SIS,PROCEDIMIENTO,25500.92
2022-08-01,Leucemias,FISSAL,INSUMO,591975.059
2022-08-01,Leucemias,FISSAL,MEDICAMENTO,828095.4088
2022-08-01,Leucemias,FISSAL,PROCEDIMIENTO,1930318.49
2022-08-01,Leucemias,SIS,INSUMO,2676.06
2022-08-01,Leucemias,SIS,MEDICAMENTO,306.02
2022-08-01,Leucemias,SIS,PROCEDIMIENTO,21971.96
2022-08-01,Linfomas,FISSAL,INSUMO,203581.961
2022-08-01,Linfomas,FISSAL,MEDICAMENTO,225745.0748
2022-08-01,Linfomas,FISSAL,PROCEDIMIENTO,506537.48
2022-08-01,Linfomas,SIS,INSUMO,1669.53
2022-08-01,Linfomas,SIS,MEDICAMENTO,921.11
2022-08-01,Linfomas,SIS,PROCEDIMIENTO,9427.31
2022-08-01,Mama,FISSAL,INSUMO,331310.898
2022-08-01,Mama,FISSAL,MEDICAMENTO,432756.89
2022-08-01,Mama,FISSAL,PROCEDIMIENTO,890128.08
2022-08-01,Mama,SIS,INSUMO,15717.84
2022-08-01,Mama,SIS,MEDICAMENTO,5238.5
2022-08-01,Mama,SIS,PROCEDIMIENTO,56391.08
2022-08-01,No oncológico (comparador),FISSAL,INSUMO,860.37
2022-08-01,No oncológico (comparador),FISSAL,MEDICAMENTO,1647.98
2022-08-01,No oncológico (comparador),FISSAL,PROCEDIMIENTO,11500.79
2022-08-01,No oncológico (comparador),SIS,INSUMO,139211.306
2022-08-01,No oncológico (comparador),SIS,MEDICAMENTO,131812.3636
2022-08-01,No oncológico (comparador),SIS,PROCEDIMIENTO,287960.8
2022-08-01,Otro,FISSAL,INSUMO,287316.699
2022-08-01,Otro,FISSAL,MEDICAMENTO,193633.6284
2022-08-01,Otro,FISSAL,PROCEDIMIENTO,330614.91
2022-08-01,Otro,SIS,INSUMO,1959971.734
2022-08-01,Otro,SIS,MEDICAMENTO,2770845.9558
2022-08-01,Otro,SIS,PROCEDIMIENTO,3052170.39
2022-08-01,Próstata,FISSAL,INSUMO,94549.792
2022-08-01,Próstata,FISSAL,MEDICAMENTO,48058.527
2022-08-01,Próstata,FISSAL,PROCEDIMIENTO,220482.94999999998
2022-08-01,Próstata,SIS,INSUMO,1741.81
2022-08-01,Próstata,SIS,MEDICAMENTO,780.652
2022-08-01,Próstata,SIS,PROCEDIMIENTO,7710.05
2022-09-01,Colon,FISSAL,INSUMO,183326.242
2022-09-01,Colon,FISSAL,MEDICAMENTO,34476.278
2022-09-01,Colon,FISSAL,PROCEDIMIENTO,202767.88999999998
2022-09-01,Colon,SIS,INSUMO,3426.428
2022-09-01,Colon,SIS,MEDICAMENTO,1556.8594
2022-09-01,Colon,SIS,PROCEDIMIENTO,8047.71
2022-09-01,Cuello uterino,FISSAL,INSUMO,250535.606
2022-09-01,Cuello uterino,FISSAL,MEDICAMENTO,215849.8592
2022-09-01,Cuello uterino,FISSAL,PROCEDIMIENTO,629700.09
2022-09-01,Cuello uterino,SIS,INSUMO,4027.274
2022-09-01,Cuello uterino,SIS,MEDICAMENTO,2640.88
2022-09-01,Cuello uterino,SIS,PROCEDIMIENTO,44052.68
2022-09-01,Estómago,FISSAL,INSUMO,180484.343
2022-09-01,Estómago,FISSAL,MEDICAMENTO,57385.9952
2022-09-01,Estómago,FISSAL,PROCEDIMIENTO,210563.74
2022-09-01,Estómago,SIS,INSUMO,9080.082
2022-09-01,Estómago,SIS,MEDICAMENTO,3972.808
2022-09-01,Estómago,SIS,PROCEDIMIENTO,14748.58
2022-09-01,Leucemias,FISSAL,INSUMO,502348.39
2022-09-01,Leucemias,FISSAL,MEDICAMENTO,733097.4372
2022-09-01,Leucemias,FISSAL,PROCEDIMIENTO,1673764.64
2022-09-01,Leucemias,SIS,INSUMO,2741.47
2022-09-01,Leucemias,SIS,MEDICAMENTO,189.45000000000002
2022-09-01,Leucemias,SIS,PROCEDIMIENTO,18226.1
2022-09-01,Linfomas,FISSAL,INSUMO,179256.224
2022-09-01,Linfomas,FISSAL,MEDICAMENTO,278644.021
2022-09-01,Linfomas,FISSAL,PROCEDIMIENTO,557505.95
2022-09-01,Linfomas,SIS,INSUMO,1682.0
2022-09-01,Linfomas,SIS,MEDICAMENTO,919.463
2022-09-01,Linfomas,SIS,PROCEDIMIENTO,13527.89
2022-09-01,Mama,FISSAL,INSUMO,334508.197
2022-09-01,Mama,FISSAL,MEDICAMENTO,408681.484
2022-09-01,Mama,FISSAL,PROCEDIMIENTO,846276.4199999999
2022-09-01,Mama,SIS,INSUMO,7588.154
2022-09-01,Mama,SIS,MEDICAMENTO,2199.576
2022-09-01,Mama,SIS,PROCEDIMIENTO,43668.1
2022-09-01,No oncológico (comparador),FISSAL,INSUMO,1246.0
2022-09-01,No oncológico (comparador),FISSAL,MEDICAMENTO,8411.933
2022-09-01,No oncológico (comparador),FISSAL,PROCEDIMIENTO,10331.75
2022-09-01,No oncológico (comparador),SIS,INSUMO,107546.459
2022-09-01,No oncológico (comparador),SIS,MEDICAMENTO,154427.2292
2022-09-01,No oncológico (comparador),SIS,PROCEDIMIENTO,283750.89
2022-09-01,Otro,FISSAL,INSUMO,254960.179
2022-09-01,Otro,FISSAL,MEDICAMENTO,179646.84
2022-09-01,Otro,FISSAL,PROCEDIMIENTO,287731.58
2022-09-01,Otro,SIS,INSUMO,2035462.966
2022-09-01,Otro,SIS,MEDICAMENTO,2252806.4184
2022-09-01,Otro,SIS,PROCEDIMIENTO,2870596.81
2022-09-01,Próstata,FISSAL,INSUMO,95487.936
2022-09-01,Próstata,FISSAL,MEDICAMENTO,50528.6984
2022-09-01,Próstata,FISSAL,PROCEDIMIENTO,211756.81
2022-09-01,Próstata,SIS,INSUMO,1565.055
2022-09-01,Próstata,SIS,MEDICAMENTO,2471.56
2022-09-01,Próstata,SIS,PROCEDIMIENTO,16150.66
2022-10-01,Colon,FISSAL,INSUMO,212082.7
2022-10-01,Colon,FISSAL,MEDICAMENTO,38434.5372
2022-10-01,Colon,FISSAL,PROCEDIMIENTO,224238.63
2022-10-01,Colon,SIS,INSUMO,1038.42
2022-10-01,Colon,SIS,MEDICAMENTO,519.5
2022-10-01,Colon,SIS,PROCEDIMIENTO,5783.0
2022-10-01,Cuello uterino,FISSAL,INSUMO,232820.25
2022-10-01,Cuello uterino,FISSAL,MEDICAMENTO,146155.0948
2022-10-01,Cuello uterino,FISSAL,PROCEDIMIENTO,607606.08
2022-10-01,Cuello uterino,SIS,INSUMO,7408.81
2022-10-01,Cuello uterino,SIS,MEDICAMENTO,1694.59
2022-10-01,Cuello uterino,SIS,PROCEDIMIENTO,28226.18
2022-10-01,Estómago,FISSAL,INSUMO,208857.38999999998
2022-10-01,Estómago,FISSAL,MEDICAMENTO,93974.28
2022-10-01,Estómago,FISSAL,PROCEDIMIENTO,254875.92
2022-10-01,Estómago,SIS,INSUMO,5044.65
2022-10-01,Estómago,SIS,MEDICAMENTO,1117.971
2022-10-01,Estómago,SIS,PROCEDIMIENTO,8339.6
2022-10-01,Leucemias,FISSAL,INSUMO,535794.28
2022-10-01,Leucemias,FISSAL,MEDICAMENTO,933982.8114
2022-10-01,Leucemias,FISSAL,PROCEDIMIENTO,2016877.8900000001
2022-10-01,Leucemias,SIS,INSUMO,173.2
2022-10-01,Leucemias,SIS,MEDICAMENTO,17.25
2022-10-01,Leucemias,SIS,PROCEDIMIENTO,8176.26
2022-10-01,Linfomas,FISSAL,INSUMO,244323.59
2022-10-01,Linfomas,FISSAL,MEDICAMENTO,167922.538
2022-10-01,Linfomas,FISSAL,PROCEDIMIENTO,659653.34
2022-10-01,Linfomas,SIS,INSUMO,1468.5
2022-10-01,Linfomas,SIS,MEDICAMENTO,1739.7130000000002
2022-10-01,Linfomas,SIS,PROCEDIMIENTO,6612.5599999999995
2022-10-01,Mama,FISSAL,INSUMO,340935.65
2022-10-01,Mama,FISSAL,MEDICAMENTO,389925.1366
2022-10-01,Mama,FISSAL,PROCEDIMIENTO,844906.25
2022-10-01,Mama,SIS,INSUMO,4948.97
2022-10-01,Mama,SIS,MEDICAMENTO,1674.154
2022-10-01,Mama,SIS,PROCEDIMIENTO,29353.59
2022-10-01,No oncológico (comparador),FISSAL,INSUMO,21631.11
2022-10-01,No oncológico (comparador),FISSAL,MEDICAMENTO,34214.612
2022-10-01,No oncológico (comparador),FISSAL,PROCEDIMIENTO,27608.27
2022-10-01,No oncológico (comparador),SIS,INSUMO,135877.32
2022-10-01,No oncológico (comparador),SIS,MEDICAMENTO,125435.1438
2022-10-01,No oncológico (comparador),SIS,PROCEDIMIENTO,303231.49
2022-10-01,Otro,FISSAL,INSUMO,222737.95
2022-10-01,Otro,FISSAL,MEDICAMENTO,276252.83999999997
2022-10-01,Otro,FISSAL,PROCEDIMIENTO,390700.65
2022-10-01,Otro,SIS,INSUMO,2089519.93
2022-10-01,Otro,SIS,MEDICAMENTO,1813333.1300000001
2022-10-01,Otro,SIS,PROCEDIMIENTO,3009575.46
2022-10-01,Próstata,FISSAL,INSUMO,89781.33
2022-10-01,Próstata,FISSAL,MEDICAMENTO,43869.652
2022-10-01,Próstata,FISSAL,PROCEDIMIENTO,258451.13
2022-10-01,Próstata,SIS,INSUMO,1642.92
2022-10-01,Próstata,SIS,MEDICAMENTO,354.84000000000003
2022-10-01,Próstata,SIS,PROCEDIMIENTO,10430.9
2022-11-01,Colon,FISSAL,INSUMO,113483.92
2022-11-01,Colon,FISSAL,MEDICAMENTO,19409.34
2022-11-01,Colon,FISSAL,PROCEDIMIENTO,167092.73
2022-11-01,Colon,SIS,INSUMO,1904.7299999999998
2022-11-01,Colon,SIS,MEDICAMENTO,620.72
2022-11-01,Colon,SIS,PROCEDIMIENTO,8825.949999999999
2022-11-01,Cuello uterino,FISSAL,INSUMO,162895.06
2022-11-01,Cuello uterino,FISSAL,MEDICAMENTO,98525.433
2022-11-01,Cuello uterino,FISSAL,PROCEDIMIENTO,595106.61
2022-11-01,Cuello uterino,SIS,INSUMO,2028.8300000000002
2022-11-01,Cuello uterino,SIS,MEDICAMENTO,1003.82
2022-11-01,Cuello uterino,SIS,PROCEDIMIENTO,12214.05
2022-11-01,Estómago,FISSAL,INSUMO,163598.25
2022-11-01,Estómago,FISSAL,MEDICAMENTO,61759.8168
2022-11-01,Estómago,FISSAL,PROCEDIMIENTO,231315.3
2022-11-01,Estómago,SIS,INSUMO,1376.76
2022-11-01,Estómago,SIS,MEDICAMENTO,360.46
2022-11-01,Estómago,SIS,PROCEDIMIENTO,5870.95
2022-11-01,Leucemias,FISSAL,INSUMO,329344.62
2022-11-01,Leucemias,FISSAL,MEDICAMENTO,551707.7814
2022-11-01,Leucemias,FISSAL,PROCEDIMIENTO,1250483.2
2022-11-01,Leucemias,SIS,INSUMO,1748.22
2022-11-01,Leucemias,SIS,MEDICAMENTO,288.6
2022-11-01,Leucemias,SIS,PROCEDIMIENTO,11991.12
2022-11-01,Linfomas,FISSAL,INSUMO,96745.43000000001
2022-11-01,Linfomas,FISSAL,MEDICAMENTO,83782.9794
2022-11-01,Linfomas,FISSAL,PROCEDIMIENTO,369103.94
2022-11-01,Linfomas,SIS,INSUMO,24.44
2022-11-01,Linfomas,SIS,MEDICAMENTO,342.3
2022-11-01,Linfomas,SIS,PROCEDIMIENTO,14744.72
2022-11-01,Mama,FISSAL,INSUMO,199895.66
2022-11-01,Mama,FISSAL,MEDICAMENTO,179290.8862
2022-11-01,Mama,FISSAL,PROCEDIMIENTO,772259.88
2022-11-01,Mama,SIS,INSUMO,5922.54
2022-11-01,Mama,SIS,MEDICAMENTO,1658.98
2022-11-01,Mama,SIS,PROCEDIMIENTO,20991.88
2022-11-01,No oncológico (comparador),FISSAL,INSUMO,247.53
2022-11-01,No oncológico (comparador),FISSAL,MEDICAMENTO,534.33
2022-11-01,No oncológico (comparador),FISSAL,PROCEDIMIENTO,6755.57
2022-11-01,No oncológico (comparador),SIS,INSUMO,21938.1
2022-11-01,No oncológico (comparador),SIS,MEDICAMENTO,36549.3532
2022-11-01,No oncológico (comparador),SIS,PROCEDIMIENTO,136166.61000000002
2022-11-01,Otro,FISSAL,INSUMO,82356.91
2022-11-01,Otro,FISSAL,MEDICAMENTO,113591.11
2022-11-01,Otro,FISSAL,PROCEDIMIENTO,139911.05
2022-11-01,Otro,SIS,INSUMO,742852.49
2022-11-01,Otro,SIS,MEDICAMENTO,842557.5234000001
2022-11-01,Otro,SIS,PROCEDIMIENTO,2266504.0
2022-11-01,Próstata,FISSAL,INSUMO,53518.82
2022-11-01,Próstata,FISSAL,MEDICAMENTO,28491.016
2022-11-01,Próstata,FISSAL,PROCEDIMIENTO,180140.96
2022-11-01,Próstata,SIS,INSUMO,2062.56
2022-11-01,Próstata,SIS,MEDICAMENTO,626.51
2022-11-01,Próstata,SIS,PROCEDIMIENTO,7831.56
2022-12-01,Colon,FISSAL,INSUMO,40754.63
2022-12-01,Colon,FISSAL,MEDICAMENTO,18786.063000000002
2022-12-01,Colon,FISSAL,PROCEDIMIENTO,113941.3
2022-12-01,Colon,SIS,INSUMO,2851.7000000000003
2022-12-01,Colon,SIS,MEDICAMENTO,396.93320000000006
2022-12-01,Colon,SIS,PROCEDIMIENTO,2200.37
2022-12-01,Cuello uterino,FISSAL,INSUMO,102921.3
2022-12-01,Cuello uterino,FISSAL,MEDICAMENTO,96729.45999999999
2022-12-01,Cuello uterino,FISSAL,PROCEDIMIENTO,524175.11
2022-12-01,Cuello uterino,SIS,INSUMO,1660.62
2022-12-01,Cuello uterino,SIS,MEDICAMENTO,839.25
2022-12-01,Cuello uterino,SIS,PROCEDIMIENTO,9756.3
2022-12-01,Estómago,FISSAL,INSUMO,54738.07
2022-12-01,Estómago,FISSAL,MEDICAMENTO,27176.565
2022-12-01,Estómago,FISSAL,PROCEDIMIENTO,133274.88999999998
2022-12-01,Estómago,SIS,INSUMO,713.09
2022-12-01,Estómago,SIS,MEDICAMENTO,217.549
2022-12-01,Estómago,SIS,PROCEDIMIENTO,2710.58
2022-12-01,Leucemias,FISSAL,INSUMO,99960.31
2022-12-01,Leucemias,FISSAL,MEDICAMENTO,176333.3242
2022-12-01,Leucemias,FISSAL,PROCEDIMIENTO,534591.09
2022-12-01,Leucemias,SIS,INSUMO,1095.55
2022-12-01,Leucemias,SIS,MEDICAMENTO,415.92
2022-12-01,Leucemias,SIS,PROCEDIMIENTO,9935.710000000001
2022-12-01,Linfomas,FISSAL,INSUMO,49021.81
2022-12-01,Linfomas,FISSAL,MEDICAMENTO,56244.245200000005
2022-12-01,Linfomas,FISSAL,PROCEDIMIENTO,279931.51
2022-12-01,Linfomas,SIS,INSUMO,538.5699999999999
2022-12-01,Linfomas,SIS,MEDICAMENTO,452.48
2022-12-01,Linfomas,SIS,PROCEDIMIENTO,7446.13
2022-12-01,Mama,FISSAL,INSUMO,176894.11
2022-12-01,Mama,FISSAL,MEDICAMENTO,158074.306
2022-12-01,Mama,FISSAL,PROCEDIMIENTO,735818.87
2022-12-01,Mama,SIS,INSUMO,2953.2000000000003
2022-12-01,Mama,SIS,MEDICAMENTO,850.89
2022-12-01,Mama,SIS,PROCEDIMIENTO,10828.16
2022-12-01,No oncológico (comparador),FISSAL,INSUMO,2766.2000000000003
2022-12-01,No oncológico (comparador),FISSAL,MEDICAMENTO,639.7330000000001
2022-12-01,No oncológico (comparador),FISSAL,PROCEDIMIENTO,4875.47
2022-12-01,No oncológico (comparador),SIS,INSUMO,26158.11
2022-12-01,No oncológico (comparador),SIS,MEDICAMENTO,25524.9692
2022-12-01,No oncológico (comparador),SIS,PROCEDIMIENTO,94311.31999999999
2022-12-01,Otro,FISSAL,INSUMO,47206.28
2022-12-01,Otro,FISSAL,MEDICAMENTO,72616.36
2022-12-01,Otro,FISSAL,PROCEDIMIENTO,109036.34
2022-12-01,Otro,SIS,INSUMO,368773.34
2022-12-01,Otro,SIS,MEDICAMENTO,538234.1806
2022-12-01,Otro,SIS,PROCEDIMIENTO,1684781.61
2022-12-01,Próstata,FISSAL,INSUMO,33487.87
2022-12-01,Próstata,FISSAL,MEDICAMENTO,30249.565
2022-12-01,Próstata,FISSAL,PROCEDIMIENTO,153488.05
2022-12-01,Próstata,SIS,INSUMO,1520.15
2022-12-01,Próstata,SIS,MEDICAMENTO,1732.4
2022-12-01,Próstata,SIS,PROCEDIMIENTO,7874.46
2023-01-01,Colon,FISSAL,INSUMO,173941.896
2023-01-01,Colon,FISSAL,MEDICAMENTO,24120.634000000002
2023-01-01,Colon,FISSAL,PROCEDIMIENTO,165500.67
2023-01-01,Colon,SIS,INSUMO,2960.908
2023-01-01,Colon,SIS,MEDICAMENTO,401.12
2023-01-01,Colon,SIS,PROCEDIMIENTO,4864.5
2023-01-01,Cuello uterino,FISSAL,INSUMO,226105.514
2023-01-01,Cuello uterino,FISSAL,MEDICAMENTO,138499.6194
2023-01-01,Cuello uterino,FISSAL,PROCEDIMIENTO,624379.51
2023-01-01,Cuello uterino,SIS,INSUMO,693.01
2023-01-01,Cuello uterino,SIS,MEDICAMENTO,357.56
2023-01-01,Cuello uterino,SIS,PROCEDIMIENTO,3062.1099999999997
2023-01-01,Estómago,FISSAL,INSUMO,108783.412
2023-01-01,Estómago,FISSAL,MEDICAMENTO,70893.9988
2023-01-01,Estómago,FISSAL,PROCEDIMIENTO,203511.39
2023-01-01,Estómago,SIS,INSUMO,889.45
2023-01-01,Estómago,SIS,MEDICAMENTO,319.81600000000003
2023-01-01,Estómago,SIS,PROCEDIMIENTO,2430.08
2023-01-01,Leucemias,FISSAL,INSUMO,336204.071
2023-01-01,Leucemias,FISSAL,MEDICAMENTO,323467.864
2023-01-01,Leucemias,FISSAL,PROCEDIMIENTO,1233707.2
2023-01-01,Leucemias,SIS,INSUMO,45.11
2023-01-01,Leucemias,SIS,MEDICAMENTO,23.38
2023-01-01,Leucemias,SIS,PROCEDIMIENTO,2237.2400000000002
2023-01-01,Linfomas,FISSAL,INSUMO,125940.194
2023-01-01,Linfomas,FISSAL,MEDICAMENTO,134728.923
2023-01-01,Linfomas,FISSAL,PROCEDIMIENTO,494561.4
2023-01-01,Linfomas,SIS,INSUMO,651.15
2023-01-01,Linfomas,SIS,MEDICAMENTO,244.20000000000002
2023-01-01,Linfomas,SIS,PROCEDIMIENTO,5462.48
2023-01-01,Mama,FISSAL,INSUMO,328035.47
2023-01-01,Mama,FISSAL,MEDICAMENTO,228331.62000000002
2023-01-01,Mama,FISSAL,PROCEDIMIENTO,891278.58
2023-01-01,Mama,SIS,INSUMO,1987.692
2023-01-01,Mama,SIS,MEDICAMENTO,890.79
2023-01-01,Mama,SIS,PROCEDIMIENTO,7684.52
2023-01-01,No oncológico (comparador),FISSAL,INSUMO,502.388
2023-01-01,No oncológico (comparador),FISSAL,MEDICAMENTO,1319.23
2023-01-01,No oncológico (comparador),FISSAL,PROCEDIMIENTO,9667.37
2023-01-01,No oncológico (comparador),SIS,INSUMO,88143.749
2023-01-01,No oncológico (comparador),SIS,MEDICAMENTO,90814.668
2023-01-01,No oncológico (comparador),SIS,PROCEDIMIENTO,166502.62
2023-01-01,Otro,FISSAL,INSUMO,145305.102
2023-01-01,Otro,FISSAL,MEDICAMENTO,185035.5
2023-01-01,Otro,FISSAL,PROCEDIMIENTO,214498.72
2023-01-01,Otro,SIS,INSUMO,1347316.986
2023-01-01,Otro,SIS,MEDICAMENTO,869740.8202
2023-01-01,Otro,SIS,PROCEDIMIENTO,2285734.11
2023-01-01,Próstata,FISSAL,INSUMO,68555.492
2023-01-01,Próstata,FISSAL,MEDICAMENTO,42958.364
2023-01-01,Próstata,FISSAL,PROCEDIMIENTO,204628.71
2023-01-01,Próstata,SIS,INSUMO,877.01
2023-01-01,Próstata,SIS,MEDICAMENTO,260.09000000000003
2023-01-01,Próstata,SIS,PROCEDIMIENTO,3794.2799999999997
2023-02-01,Colon,FISSAL,INSUMO,127539.52
2023-02-01,Colon,FISSAL,MEDICAMENTO,48121.5398
2023-02-01,Colon,FISSAL,PROCEDIMIENTO,166404.12
2023-02-01,Colon,SIS,INSUMO,40.51
2023-02-01,Colon,SIS,MEDICAMENTO,478.97999999999996
2023-02-01,Colon,SIS,PROCEDIMIENTO,1706.5
2023-02-01,Cuello uterino,FISSAL,INSUMO,225792.17
2023-02-01,Cuello uterino,FISSAL,MEDICAMENTO,181485.3834
2023-02-01,Cuello uterino,FISSAL,PROCEDIMIENTO,665744.23
2023-02-01,Cuello uterino,SIS,INSUMO,2567.71
2023-02-01,Cuello uterino,SIS,MEDICAMENTO,1151.91
2023-02-01,Cuello uterino,SIS,PROCEDIMIENTO,6821.6
2023-02-01,Estómago,FISSAL,INSUMO,171896.11000000002
2023-02-01,Estómago,FISSAL,MEDICAMENTO,94855.704
2023-02-01,Estómago,FISSAL,PROCEDIMIENTO,227908.78
2023-02-01,Estómago,SIS,INSUMO,5845.82
2023-02-01,Estómago,SIS,MEDICAMENTO,5498.5802
2023-02-01,Estómago,SIS,PROCEDIMIENTO,4790.17
2023-02-01,Leucemias,FISSAL,INSUMO,638933.97
2023-02-01,Leucemias,FISSAL,MEDICAMENTO,915523.5914
2023-02-01,Leucemias,FISSAL,PROCEDIMIENTO,2139395.91
2023-02-01,Leucemias,SIS,INSUMO,2370.66
2023-02-01,Leucemias,SIS,MEDICAMENTO,90.55
2023-02-01,Leucemias,SIS,PROCEDIMIENTO,4048.22
2023-02-01,Linfomas,FISSAL,INSUMO,252463.32
2023-02-01,Linfomas,FISSAL,MEDICAMENTO,254123.7912
2023-02-01,Linfomas,FISSAL,PROCEDIMIENTO,568266.25
2023-02-01,Linfomas,SIS,INSUMO,8123.57
2023-02-01,Linfomas,SIS,MEDICAMENTO,6248.183
2023-02-01,Linfomas,SIS,PROCEDIMIENTO,8582.75
2023-02-01,Mama,FISSAL,INSUMO,250622.55
2023-02-01,Mama,FISSAL,MEDICAMENTO,372005.076
2023-02-01,Mama,FISSAL,PROCEDIMIENTO,862127.09
2023-02-01,Mama,SIS,INSUMO,3773.14
2023-02-01,Mama,SIS,MEDICAMENTO,1191.41
2023-02-01,Mama,SIS,PROCEDIMIENTO,10462.67
2023-02-01,No oncológico (comparador),FISSAL,INSUMO,817.25
2023-02-01,No oncológico (comparador),FISSAL,MEDICAMENTO,1636.956
2023-02-01,No oncológico (comparador),FISSAL,PROCEDIMIENTO,5279.400000000001
2023-02-01,No oncológico (comparador),SIS,INSUMO,92114.76
2023-02-01,No oncológico (comparador),SIS,MEDICAMENTO,56106.2514
2023-02-01,No oncológico (comparador),SIS,PROCEDIMIENTO,118815.68
2023-02-01,Otro,FISSAL,INSUMO,132911.11
2023-02-01,Otro,FISSAL,MEDICAMENTO,140376.32
2023-02-01,Otro,FISSAL,PROCEDIMIENTO,190267.23
2023-02-01,Otro,SIS,INSUMO,1531292.18
2023-02-01,Otro,SIS,MEDICAMENTO,1315974.189
2023-02-01,Otro,SIS,PROCEDIMIENTO,2159459.05
2023-02-01,Próstata,FISSAL,INSUMO,71006.47
2023-02-01,Próstata,FISSAL,MEDICAMENTO,48872.358
2023-02-01,Próstata,FISSAL,PROCEDIMIENTO,212357.09
2023-02-01,Próstata,SIS,INSUMO,3277.79
2023-02-01,Próstata,SIS,MEDICAMENTO,910.25
2023-02-01,Próstata,SIS,PROCEDIMIENTO,6048.429999999999
2023-03-01,Colon,FISSAL,INSUMO,154997.44
2023-03-01,Colon,FISSAL,MEDICAMENTO,67814.383
2023-03-01,Colon,FISSAL,PROCEDIMIENTO,193753.47
2023-03-01,Colon,SIS,INSUMO,5353.15
2023-03-01,Colon,SIS,MEDICAMENTO,3802.233
2023-03-01,Colon,SIS,PROCEDIMIENTO,6055.85
2023-03-01,Cuello uterino,FISSAL,INSUMO,251028.73
2023-03-01,Cuello uterino,FISSAL,MEDICAMENTO,211150.573
2023-03-01,Cuello uterino,FISSAL,PROCEDIMIENTO,652726.37
2023-03-01,Cuello uterino,SIS,INSUMO,14522.44
2023-03-01,Cuello uterino,SIS,MEDICAMENTO,993.9552
2023-03-01,Cuello uterino,SIS,PROCEDIMIENTO,8545.0
2023-03-01,Estómago,FISSAL,INSUMO,191230.21
2023-03-01,Estómago,FISSAL,MEDICAMENTO,119526.636
2023-03-01,Estómago,FISSAL,PROCEDIMIENTO,230989.26
2023-03-01,Estómago,SIS,INSUMO,10020.460000000001
2023-03-01,Estómago,SIS,MEDICAMENTO,12623.91
2023-03-01,Estómago,SIS,PROCEDIMIENTO,14875.78
2023-03-01,Leucemias,FISSAL,INSUMO,625447.03
2023-03-01,Leucemias,FISSAL,MEDICAMENTO,1197972.6356
2023-03-01,Leucemias,FISSAL,PROCEDIMIENTO,2012834.8
2023-03-01,Leucemias,SIS,INSUMO,0.0
2023-03-01,Leucemias,SIS,MEDICAMENTO,21.9
2023-03-01,Leucemias,SIS,PROCEDIMIENTO,2746.65
2023-03-01,Linfomas,FISSAL,INSUMO,208887.66
2023-03-01,Linfomas,FISSAL,MEDICAMENTO,315232.5866
2023-03-01,Linfomas,FISSAL,PROCEDIMIENTO,549541.08
2023-03-01,Linfomas,SIS,INSUMO,1924.09
2023-03-01,Linfomas,SIS,MEDICAMENTO,696.14
2023-03-01,Linfomas,SIS,PROCEDIMIENTO,8784.54
2023-03-01,Mama,FISSAL,INSUMO,392476.6
2023-03-01,Mama,FISSAL,MEDICAMENTO,569580.1744
2023-03-01,Mama,FISSAL,PROCEDIMIENTO,909747.31
2023-03-01,Mama,SIS,INSUMO,3103.25
2023-03-01,Mama,SIS,MEDICAMENTO,1334.3899999999999
2023-03-01,Mama,SIS,PROCEDIMIENTO,12748.89
2023-03-01,No oncológico (comparador),FISSAL,INSUMO,5332.95
2023-03-01,No oncológico (comparador),FISSAL,MEDICAMENTO,9926.29
2023-03-01,No oncológico (comparador),FISSAL,PROCEDIMIENTO,13209.3
2023-03-01,No oncológico (comparador),SIS,INSUMO,54686.18
2023-03-01,No oncológico (comparador),SIS,MEDICAMENTO,79482.2404
2023-03-01,No oncológico (comparador),SIS,PROCEDIMIENTO,135808.45
2023-03-01,Otro,FISSAL,INSUMO,130919.54000000001
2023-03-01,Otro,FISSAL,MEDICAMENTO,159570.4492
2023-03-01,Otro,FISSAL,PROCEDIMIENTO,259679.89
2023-03-01,Otro,SIS,INSUMO,2217296.41
2023-03-01,Otro,SIS,MEDICAMENTO,1711700.7571999999
2023-03-01,Otro,SIS,PROCEDIMIENTO,2627545.87
2023-03-01,Próstata,FISSAL,INSUMO,98114.46
2023-03-01,Próstata,FISSAL,MEDICAMENTO,66385.4202
2023-03-01,Próstata,FISSAL,PROCEDIMIENTO,231446.49
2023-03-01,Próstata,SIS,INSUMO,548.4
2023-03-01,Próstata,SIS,MEDICAMENTO,517.0
2023-03-01,Próstata,SIS,PROCEDIMIENTO,3456.11
2023-04-01,Colon,FISSAL,INSUMO,272256.76
2023-04-01,Colon,FISSAL,MEDICAMENTO,85114.97
2023-04-01,Colon,FISSAL,PROCEDIMIENTO,231565.72
2023-04-01,Colon,SIS,INSUMO,11395.96
2023-04-01,Colon,SIS,MEDICAMENTO,5067.4865
2023-04-01,Colon,SIS,PROCEDIMIENTO,9561.56
2023-04-01,Cuello uterino,FISSAL,INSUMO,197911.8
2023-04-01,Cuello uterino,FISSAL,MEDICAMENTO,172561.356
2023-04-01,Cuello uterino,FISSAL,PROCEDIMIENTO,565543.9
2023-04-01,Cuello uterino,SIS,INSUMO,1272.38
2023-04-01,Cuello uterino,SIS,MEDICAMENTO,159.75
2023-04-01,Cuello uterino,SIS,PROCEDIMIENTO,3520.04
2023-04-01,Estómago,FISSAL,INSUMO,183632.11000000002
2023-04-01,Estómago,FISSAL,MEDICAMENTO,106659.5065
2023-04-01,Estómago,FISSAL,PROCEDIMIENTO,192352.84
2023-04-01,Estómago,SIS,INSUMO,10985.21
2023-04-01,Estómago,SIS,MEDICAMENTO,2882.42
2023-04-01,Estómago,SIS,PROCEDIMIENTO,5489.35
2023-04-01,Leucemias,FISSAL,INSUMO,478142.62
2023-04-01,Leucemias,FISSAL,MEDICAMENTO,933618.0648
2023-04-01,Leucemias,FISSAL,PROCEDIMIENTO,1739247.05
2023-04-01,Leucemias,SIS,INSUMO,8.34
2023-04-01,Leucemias,SIS,MEDICAMENTO,150.15
2023-04-01,Leucemias,SIS,PROCEDIMIENTO,3306.85
2023-04-01,Linfomas,FISSAL,INSUMO,107324.63
2023-04-01,Linfomas,FISSAL,MEDICAMENTO,180973.3425
2023-04-01,Linfomas,FISSAL,PROCEDIMIENTO,348364.31
2023-04-01,Linfomas,SIS,INSUMO,5960.55
2023-04-01,Linfomas,SIS,MEDICAMENTO,3396.52
2023-04-01,Linfomas,SIS,PROCEDIMIENTO,7631.66
2023-04-01,Mama,FISSAL,INSUMO,309325.85
2023-04-01,Mama,FISSAL,MEDICAMENTO,541641.0041
2023-04-01,Mama,FISSAL,PROCEDIMIENTO,746300.21
2023-04-01,Mama,SIS,INSUMO,5909.280000000001
2023-04-01,Mama,SIS,MEDICAMENTO,1178.29
2023-04-01,Mama,SIS,PROCEDIMIENTO,10096.3
2023-04-01,No oncológico (comparador),FISSAL,INSUMO,16521.47
2023-04-01,No oncológico (comparador),FISSAL,MEDICAMENTO,1083.19
2023-04-01,No oncológico (comparador),FISSAL,PROCEDIMIENTO,9018.11
2023-04-01,No oncológico (comparador),SIS,INSUMO,48859.69
2023-04-01,No oncológico (comparador),SIS,MEDICAMENTO,57314.5015
2023-04-01,No oncológico (comparador),SIS,PROCEDIMIENTO,124754.24
2023-04-01,Otro,FISSAL,INSUMO,213321.15
2023-04-01,Otro,FISSAL,MEDICAMENTO,150038.7075
2023-04-01,Otro,FISSAL,PROCEDIMIENTO,261576.29
2023-04-01,Otro,SIS,INSUMO,1809017.74
2023-04-01,Otro,SIS,MEDICAMENTO,1387192.313
2023-04-01,Otro,SIS,PROCEDIMIENTO,2248640.03
2023-04-01,Próstata,FISSAL,INSUMO,84753.59
2023-04-01,Próstata,FISSAL,MEDICAMENTO,64372.663
2023-04-01,Próstata,FISSAL,PROCEDIMIENTO,225031.28999999998
2023-04-01,Próstata,SIS,INSUMO,3089.38
2023-04-01,Próstata,SIS,MEDICAMENTO,393.65999999999997
2023-04-01,Próstata,SIS,PROCEDIMIENTO,3768.82
2023-05-01,Colon,FISSAL,INSUMO,242654.53
2023-05-01,Colon,FISSAL,MEDICAMENTO,70492.92
2023-05-01,Colon,FISSAL,PROCEDIMIENTO,231438.63999999998
2023-05-01,Colon,SIS,INSUMO,4194.89
2023-05-01,Colon,SIS,MEDICAMENTO,967.59
2023-05-01,Colon,SIS,PROCEDIMIENTO,5373.37
2023-05-01,Cuello uterino,FISSAL,INSUMO,264653.24
2023-05-01,Cuello uterino,FISSAL,MEDICAMENTO,207695.5215
2023-05-01,Cuello uterino,FISSAL,PROCEDIMIENTO,682252.8200000001
2023-05-01,Cuello uterino,SIS,INSUMO,5975.82
2023-05-01,Cuello uterino,SIS,MEDICAMENTO,1114.94
2023-05-01,Cuello uterino,SIS,PROCEDIMIENTO,7101.21
2023-05-01,Estómago,FISSAL,INSUMO,157638.89
2023-05-01,Estómago,FISSAL,MEDICAMENTO,69211.03
2023-05-01,Estómago,FISSAL,PROCEDIMIENTO,179018.87
2023-05-01,Estómago,SIS,INSUMO,20316.71
2023-05-01,Estómago,SIS,MEDICAMENTO,4950.705
2023-05-01,Estómago,SIS,PROCEDIMIENTO,16867.1
2023-05-01,Leucemias,FISSAL,INSUMO,658477.47
2023-05-01,Leucemias,FISSAL,MEDICAMENTO,1113285.5819
2023-05-01,Leucemias,FISSAL,PROCEDIMIENTO,1942903.22
2023-05-01,Leucemias,SIS,INSUMO,3422.71
2023-05-01,Leucemias,SIS,MEDICAMENTO,1285.6565
2023-05-01,Leucemias,SIS,PROCEDIMIENTO,12480.12
2023-05-01,Linfomas,FISSAL,INSUMO,184165.23
2023-05-01,Linfomas,FISSAL,MEDICAMENTO,215829.394
2023-05-01,Linfomas,FISSAL,PROCEDIMIENTO,513237.06
2023-05-01,Linfomas,SIS,INSUMO,1071.33
2023-05-01,Linfomas,SIS,MEDICAMENTO,1331.38
2023-05-01,Linfomas,SIS,PROCEDIMIENTO,6165.93
2023-05-01,Mama,FISSAL,INSUMO,423333.52
2023-05-01,Mama,FISSAL,MEDICAMENTO,519948.4465
2023-05-01,Mama,FISSAL,PROCEDIMIENTO,894029.78
2023-05-01,Mama,SIS,INSUMO,1459.28
2023-05-01,Mama,SIS,MEDICAMENTO,230.38
2023-05-01,Mama,SIS,PROCEDIMIENTO,8832.029999999999
2023-05-01,No oncológico (comparador),FISSAL,INSUMO,1671.15
2023-05-01,No oncológico (comparador),FISSAL,MEDICAMENTO,8734.7
2023-05-01,No oncológico (comparador),FISSAL,PROCEDIMIENTO,6693.63
2023-05-01,No oncológico (comparador),SIS,INSUMO,51201.950000000004
2023-05-01,No oncológico (comparador),SIS,MEDICAMENTO,113053.386
2023-05-01,No oncológico (comparador),SIS,PROCEDIMIENTO,155473.18
2023-05-01,Otro,FISSAL,INSUMO,301232.76
2023-05-01,Otro,FISSAL,MEDICAMENTO,418252.64
2023-05-01,Otro,FISSAL,PROCEDIMIENTO,485115.97
2023-05-01,Otro,SIS,INSUMO,1905386.79
2023-05-01,Otro,SIS,MEDICAMENTO,2437581.4682
2023-05-01,Otro,SIS,PROCEDIMIENTO,2605152.2
2023-05-01,Próstata,FISSAL,INSUMO,59382.98
2023-05-01,Próstata,FISSAL,MEDICAMENTO,61025.1875
2023-05-01,Próstata,FISSAL,PROCEDIMIENTO,187586.73
2023-05-01,Próstata,SIS,INSUMO,485.15000000000003
2023-05-01,Próstata,SIS,MEDICAMENTO,579.66
2023-05-01,Próstata,SIS,PROCEDIMIENTO,4466.35
2023-06-01,Colon,FISSAL,INSUMO,227452.97
2023-06-01,Colon,FISSAL,MEDICAMENTO,59540.9258
2023-06-01,Colon,FISSAL,PROCEDIMIENTO,203712.13
2023-06-01,Colon,SIS,INSUMO,1836.76
2023-06-01,Colon,SIS,MEDICAMENTO,339.96999999999997
2023-06-01,Colon,SIS,PROCEDIMIENTO,3147.73
2023-06-01,Cuello uterino,FISSAL,INSUMO,259943.5
2023-06-01,Cuello uterino,FISSAL,MEDICAMENTO,175890.271
2023-06-01,Cuello uterino,FISSAL,PROCEDIMIENTO,601160.19
2023-06-01,Cuello uterino,SIS,INSUMO,1342.6299999999999
2023-06-01,Cuello uterino,SIS,MEDICAMENTO,415.83000000000004
2023-06-01,Cuello uterino,SIS,PROCEDIMIENTO,2860.38
2023-06-01,Estómago,FISSAL,INSUMO,146589.59
2023-06-01,Estómago,FISSAL,MEDICAMENTO,80373.935
2023-06-01,Estómago,FISSAL,PROCEDIMIENTO,208719.41
2023-06-01,Estómago,SIS,INSUMO,9744.42
2023-06-01,Estómago,SIS,MEDICAMENTO,795.8772
2023-06-01,Estómago,SIS,PROCEDIMIENTO,4744.61
2023-06-01,Leucemias,FISSAL,INSUMO,567693.92
2023-06-01,Leucemias,FISSAL,MEDICAMENTO,1123586.7756
2023-06-01,Leucemias,FISSAL,PROCEDIMIENTO,1779981.18
2023-06-01,Leucemias,SIS,INSUMO,236.7
2023-06-01,Leucemias,SIS,MEDICAMENTO,29.799999999999997
2023-06-01,Leucemias,SIS,PROCEDIMIENTO,112.8
2023-06-01,Linfomas,FISSAL,INSUMO,180917.33
2023-06-01,Linfomas,FISSAL,MEDICAMENTO,257708.698
2023-06-01,Linfomas,FISSAL,PROCEDIMIENTO,502339.96
2023-06-01,Linfomas,SIS,INSUMO,6.9
2023-06-01,Linfomas,SIS,MEDICAMENTO,98.14
2023-06-01,Linfomas,SIS,PROCEDIMIENTO,1921.63
2023-06-01,Mama,FISSAL,INSUMO,419846.78
2023-06-01,Mama,FISSAL,MEDICAMENTO,393348.5972
2023-06-01,Mama,FISSAL,PROCEDIMIENTO,887269.61
2023-06-01,Mama,SIS,INSUMO,10263.07
2023-06-01,Mama,SIS,MEDICAMENTO,753.758
2023-06-01,Mama,SIS,PROCEDIMIENTO,9895.18
2023-06-01,No oncológico (comparador),FISSAL,INSUMO,8049.099999999999
2023-06-01,No oncológico (comparador),FISSAL,MEDICAMENTO,8890.8636
2023-06-01,No oncológico (comparador),FISSAL,PROCEDIMIENTO,20788.79
2023-06-01,No oncológico (comparador),SIS,INSUMO,106675.266
2023-06-01,No oncológico (comparador),SIS,MEDICAMENTO,84126.0932
2023-06-01,No oncológico (comparador),SIS,PROCEDIMIENTO,173546.36000000002
2023-06-01,Otro,FISSAL,INSUMO,168198.32
2023-06-01,Otro,FISSAL,MEDICAMENTO,121958.304
2023-06-01,Otro,FISSAL,PROCEDIMIENTO,240344.44
2023-06-01,Otro,SIS,INSUMO,2206953.62
2023-06-01,Otro,SIS,MEDICAMENTO,1161905.7738
2023-06-01,Otro,SIS,PROCEDIMIENTO,2585785.08
2023-06-01,Próstata,FISSAL,INSUMO,96301.15
2023-06-01,Próstata,FISSAL,MEDICAMENTO,68339.681
2023-06-01,Próstata,FISSAL,PROCEDIMIENTO,176528.05
2023-06-01,Próstata,SIS,INSUMO,1014.9300000000001
2023-06-01,Próstata,SIS,MEDICAMENTO,378.242
2023-06-01,Próstata,SIS,PROCEDIMIENTO,3119.45
2023-07-01,Colon,FISSAL,INSUMO,136479.87
2023-07-01,Colon,FISSAL,MEDICAMENTO,302177.9508
2023-07-01,Colon,FISSAL,PROCEDIMIENTO,200984.61
2023-07-01,Colon,SIS,INSUMO,13746.289999999999
2023-07-01,Colon,SIS,MEDICAMENTO,1493.9084
2023-07-01,Colon,SIS,PROCEDIMIENTO,9671.789999999999
2023-07-01,Cuello uterino,FISSAL,INSUMO,307086.91
2023-07-01,Cuello uterino,FISSAL,MEDICAMENTO,297599.476
2023-07-01,Cuello uterino,FISSAL,PROCEDIMIENTO,619491.78
2023-07-01,Cuello uterino,SIS,INSUMO,10344.380000000001
2023-07-01,Cuello uterino,SIS,MEDICAMENTO,1185.748
2023-07-01,Cuello uterino,SIS,PROCEDIMIENTO,3663.18
2023-07-01,Estómago,FISSAL,INSUMO,124818.44
2023-07-01,Estómago,FISSAL,MEDICAMENTO,131232.424
2023-07-01,Estómago,FISSAL,PROCEDIMIENTO,175349.58
2023-07-01,Estómago,SIS,INSUMO,7740.65
2023-07-01,Estómago,SIS,MEDICAMENTO,2163.527
2023-07-01,Estómago,SIS,PROCEDIMIENTO,6153.39
2023-07-01,Leucemias,FISSAL,INSUMO,751133.04
2023-07-01,Leucemias,FISSAL,MEDICAMENTO,942555.4264
2023-07-01,Leucemias,FISSAL,PROCEDIMIENTO,1826825.93
2023-07-01,Leucemias,SIS,INSUMO,970.77
2023-07-01,Leucemias,SIS,MEDICAMENTO,1114.23
2023-07-01,Leucemias,SIS,PROCEDIMIENTO,9060.5
2023-07-01,Linfomas,FISSAL,INSUMO,241302.192
2023-07-01,Linfomas,FISSAL,MEDICAMENTO,314508.8108
2023-07-01,Linfomas,FISSAL,PROCEDIMIENTO,525344.52
2023-07-01,Linfomas,SIS,INSUMO,293.08000000000004
2023-07-01,Linfomas,SIS,MEDICAMENTO,89.57
2023-07-01,Linfomas,SIS,PROCEDIMIENTO,1692.47
2023-07-01,Mama,FISSAL,INSUMO,381524.41
2023-07-01,Mama,FISSAL,MEDICAMENTO,545905.9428
2023-07-01,Mama,FISSAL,PROCEDIMIENTO,875939.81
2023-07-01,Mama,SIS,INSUMO,1533.68
2023-07-01,Mama,SIS,MEDICAMENTO,259.26800000000003
2023-07-01,Mama,SIS,PROCEDIMIENTO,6590.24
2023-07-01,No oncológico (comparador),FISSAL,INSUMO,16219.27
2023-07-01,No oncológico (comparador),FISSAL,MEDICAMENTO,10159.38
2023-07-01,No oncológico (comparador),FISSAL,PROCEDIMIENTO,10731.15
2023-07-01,No oncológico (comparador),SIS,INSUMO,152788.21600000001
2023-07-01,No oncológico (comparador),SIS,MEDICAMENTO,122789.3438
2023-07-01,No oncológico (comparador),SIS,PROCEDIMIENTO,219788.54
2023-07-01,Otro,FISSAL,INSUMO,126586.69
2023-07-01,Otro,FISSAL,MEDICAMENTO,139609.472
2023-07-01,Otro,FISSAL,PROCEDIMIENTO,153144.55
2023-07-01,Otro,SIS,INSUMO,2493948.24
2023-07-01,Otro,SIS,MEDICAMENTO,1549839.6888000001
2023-07-01,Otro,SIS,PROCEDIMIENTO,2530137.08
2023-07-01,Próstata,FISSAL,INSUMO,43331.05
2023-07-01,Próstata,FISSAL,MEDICAMENTO,158561.65
2023-07-01,Próstata,FISSAL,PROCEDIMIENTO,151278.15
2023-07-01,Próstata,SIS,INSUMO,2597.07
2023-07-01,Próstata,SIS,MEDICAMENTO,1023.424
2023-07-01,Próstata,SIS,PROCEDIMIENTO,2794.89
2023-08-01,Colon,FISSAL,INSUMO,181167.43
2023-08-01,Colon,FISSAL,MEDICAMENTO,133231.8924
2023-08-01,Colon,FISSAL,PROCEDIMIENTO,233212.84
2023-08-01,Colon,SIS,INSUMO,5096.91
2023-08-01,Colon,SIS,MEDICAMENTO,844.86
2023-08-01,Colon,SIS,PROCEDIMIENTO,8275.18
2023-08-01,Cuello uterino,FISSAL,INSUMO,242183.0
2023-08-01,Cuello uterino,FISSAL,MEDICAMENTO,756528.0956
2023-08-01,Cuello uterino,FISSAL,PROCEDIMIENTO,594779.1
2023-08-01,Cuello uterino,SIS,INSUMO,2579.29
2023-08-01,Cuello uterino,SIS,MEDICAMENTO,188.32
2023-08-01,Cuello uterino,SIS,PROCEDIMIENTO,3755.54
2023-08-01,Estómago,FISSAL,INSUMO,130842.8
2023-08-01,Estómago,FISSAL,MEDICAMENTO,297365.3432
2023-08-01,Estómago,FISSAL,PROCEDIMIENTO,205083.4
2023-08-01,Estómago,SIS,INSUMO,8148.2300000000005
2023-08-01,Estómago,SIS,MEDICAMENTO,2269.022
2023-08-01,Estómago,SIS,PROCEDIMIENTO,5346.82
2023-08-01,Leucemias,FISSAL,INSUMO,403805.38
2023-08-01,Leucemias,FISSAL,MEDICAMENTO,1406082.6284
2023-08-01,Leucemias,FISSAL,PROCEDIMIENTO,1653572.1
2023-08-01,Leucemias,SIS,INSUMO,1186.98
2023-08-01,Leucemias,SIS,MEDICAMENTO,584.3100000000001
2023-08-01,Leucemias,SIS,PROCEDIMIENTO,9452.25
2023-08-01,Linfomas,FISSAL,INSUMO,120116.49
2023-08-01,Linfomas,FISSAL,MEDICAMENTO,383781.44920000003
2023-08-01,Linfomas,FISSAL,PROCEDIMIENTO,387159.52
2023-08-01,Linfomas,SIS,INSUMO,546.87
2023-08-01,Linfomas,SIS,MEDICAMENTO,1232.74
2023-08-01,Linfomas,SIS,PROCEDIMIENTO,2163.2
2023-08-01,Mama,FISSAL,INSUMO,344803.77
2023-08-01,Mama,FISSAL,MEDICAMENTO,1340841.3218
2023-08-01,Mama,FISSAL,PROCEDIMIENTO,950769.76
2023-08-01,Mama,SIS,INSUMO,5286.75
2023-08-01,Mama,SIS,MEDICAMENTO,2907.536
2023-08-01,Mama,SIS,PROCEDIMIENTO,11770.77
2023-08-01,No oncológico (comparador),FISSAL,INSUMO,669.46
2023-08-01,No oncológico (comparador),FISSAL,MEDICAMENTO,2909.95
2023-08-01,No oncológico (comparador),FISSAL,PROCEDIMIENTO,10808.42
2023-08-01,No oncológico (comparador),SIS,INSUMO,161606.34
2023-08-01,No oncológico (comparador),SIS,MEDICAMENTO,241618.629
2023-08-01,No oncológico (comparador),SIS,PROCEDIMIENTO,278934.81
2023-08-01,Otro,FISSAL,INSUMO,97318.39
2023-08-01,Otro,FISSAL,MEDICAMENTO,409453.11
2023-08-01,Otro,FISSAL,PROCEDIMIENTO,181259.33
2023-08-01,Otro,SIS,INSUMO,1854426.4
2023-08-01,Otro,SIS,MEDICAMENTO,3629917.665
2023-08-01,Otro,SIS,PROCEDIMIENTO,2555359.21
2023-08-01,Próstata,FISSAL,INSUMO,81054.21
2023-08-01,Próstata,FISSAL,MEDICAMENTO,477346.2504
2023-08-01,Próstata,FISSAL,PROCEDIMIENTO,219981.84
2023-08-01,Próstata,SIS,INSUMO,1614.76
2023-08-01,Próstata,SIS,MEDICAMENTO,2900.522
2023-08-01,Próstata,SIS,PROCEDIMIENTO,6602.76
2023-09-01,Colon,FISSAL,INSUMO,21807.18
2023-09-01,Colon,FISSAL,MEDICAMENTO,329877.436
2023-09-01,Colon,FISSAL,PROCEDIMIENTO,75315.12
2023-09-01,Colon,SIS,INSUMO,4108.52
2023-09-01,Colon,SIS,MEDICAMENTO,2313.9700000000003
2023-09-01,Colon,SIS,PROCEDIMIENTO,3931.63
2023-09-01,Cuello uterino,FISSAL,INSUMO,108325.38
2023-09-01,Cuello uterino,FISSAL,MEDICAMENTO,306037.5992
2023-09-01,Cuello uterino,FISSAL,PROCEDIMIENTO,267289.59
2023-09-01,Cuello uterino,SIS,INSUMO,420.69
2023-09-01,Cuello uterino,SIS,MEDICAMENTO,592.48
2023-09-01,Cuello uterino,SIS,PROCEDIMIENTO,2190.47
2023-09-01,Estómago,FISSAL,INSUMO,59672.46
2023-09-01,Estómago,FISSAL,MEDICAMENTO,47154.8214
2023-09-01,Estómago,FISSAL,PROCEDIMIENTO,90802.59
2023-09-01,Estómago,SIS,INSUMO,3487.6000000000004
2023-09-01,Estómago,SIS,MEDICAMENTO,2079.672
2023-09-01,Estómago,SIS,PROCEDIMIENTO,5674.94
2023-09-01,Leucemias,FISSAL,INSUMO,153338.73
2023-09-01,Leucemias,FISSAL,MEDICAMENTO,302612.145
2023-09-01,Leucemias,FISSAL,PROCEDIMIENTO,588581.24
2023-09-01,Leucemias,SIS,MEDICAMENTO,0.0
2023-09-01,Leucemias,SIS,PROCEDIMIENTO,994.92
2023-09-01,Linfomas,FISSAL,INSUMO,42780.61
2023-09-01,Linfomas,FISSAL,MEDICAMENTO,168188.6182
2023-09-01,Linfomas,FISSAL,PROCEDIMIENTO,198395.1
2023-09-01,Linfomas,SIS,INSUMO,10927.53
2023-09-01,Linfomas,SIS,MEDICAMENTO,5290.5262
2023-09-01,Linfomas,SIS,PROCEDIMIENTO,11150.6
2023-09-01,Mama,FISSAL,INSUMO,183698.78
2023-09-01,Mama,FISSAL,MEDICAMENTO,600184.8592000001
2023-09-01,Mama,FISSAL,PROCEDIMIENTO,523567.41
2023-09-01,Mama,SIS,INSUMO,1437.45
2023-09-01,Mama,SIS,MEDICAMENTO,535.924
2023-09-01,Mama,SIS,PROCEDIMIENTO,5246.71
2023-09-01,No oncológico (comparador),FISSAL,INSUMO,778.84
2023-09-01,No oncológico (comparador),FISSAL,MEDICAMENTO,2114.77
2023-09-01,No oncológico (comparador),FISSAL,PROCEDIMIENTO,3403.7
2023-09-01,No oncológico (comparador),SIS,INSUMO,80646.56
2023-09-01,No oncológico (comparador),SIS,MEDICAMENTO,131218.2948
2023-09-01,No oncológico (comparador),SIS,PROCEDIMIENTO,120244.76
2023-09-01,Otro,FISSAL,INSUMO,44876.49
2023-09-01,Otro,FISSAL,MEDICAMENTO,69792.816
2023-09-01,Otro,FISSAL,PROCEDIMIENTO,39305.44
2023-09-01,Otro,SIS,INSUMO,892057.9400000001
2023-09-01,Otro,SIS,MEDICAMENTO,955589.204
2023-09-01,Otro,SIS,PROCEDIMIENTO,1280862.67
2023-09-01,Próstata,FISSAL,INSUMO,35864.14
2023-09-01,Próstata,FISSAL,MEDICAMENTO,40301.0358
2023-09-01,Próstata,FISSAL,PROCEDIMIENTO,140766.68
2023-09-01,Próstata,SIS,INSUMO,1.62
2023-09-01,Próstata,SIS,MEDICAMENTO,117.24000000000001
2023-09-01,Próstata,SIS,PROCEDIMIENTO,1672.53
2023-10-01,Colon,FISSAL,INSUMO,98978.95
2023-10-01,Colon,FISSAL,MEDICAMENTO,51691.1084
2023-10-01,Colon,FISSAL,PROCEDIMIENTO,84629.64
2023-10-01,Colon,SIS,INSUMO,4947.81
2023-10-01,Colon,SIS,MEDICAMENTO,1616.7732
2023-10-01,Colon,SIS,PROCEDIMIENTO,10343.43
2023-10-01,Cuello uterino,FISSAL,INSUMO,114405.7
2023-10-01,Cuello uterino,FISSAL,MEDICAMENTO,115564.4498
2023-10-01,Cuello uterino,FISSAL,PROCEDIMIENTO,300643.62
2023-10-01,Cuello uterino,SIS,INSUMO,1280.98
2023-10-01,Cuello uterino,SIS,MEDICAMENTO,358.992
2023-10-01,Cuello uterino,SIS,PROCEDIMIENTO,5095.860000000001
2023-10-01,Estómago,FISSAL,INSUMO,69747.47
2023-10-01,Estómago,FISSAL,MEDICAMENTO,53198.3862
2023-10-01,Estómago,FISSAL,PROCEDIMIENTO,83575.73
2023-10-01,Estómago,SIS,INSUMO,2106.51
2023-10-01,Estómago,SIS,MEDICAMENTO,687.515
2023-10-01,Estómago,SIS,PROCEDIMIENTO,1746.57
2023-10-01,Leucemias,FISSAL,INSUMO,227168.35
2023-10-01,Leucemias,FISSAL,MEDICAMENTO,471352.6614
2023-10-01,Leucemias,FISSAL,PROCEDIMIENTO,705876.33
2023-10-01,Leucemias,SIS,INSUMO,2706.0299999999997
2023-10-01,Leucemias,SIS,MEDICAMENTO,2693.498
2023-10-01,Leucemias,SIS,PROCEDIMIENTO,15048.97
2023-10-01,Linfomas,FISSAL,INSUMO,82200.17
2023-10-01,Linfomas,FISSAL,MEDICAMENTO,130031.7154
2023-10-01,Linfomas,FISSAL,PROCEDIMIENTO,207299.63
2023-10-01,Linfomas,SIS,INSUMO,2301.94
2023-10-01,Linfomas,SIS,MEDICAMENTO,65.74
2023-10-01,Linfomas,SIS,PROCEDIMIENTO,313.31
2023-10-01,Mama,FISSAL,INSUMO,183424.69
2023-10-01,Mama,FISSAL,MEDICAMENTO,220371.4264
2023-10-01,Mama,FISSAL,PROCEDIMIENTO,434437.86
2023-10-01,Mama,SIS,INSUMO,4540.55
2023-10-01,Mama,SIS,MEDICAMENTO,613.6
2023-10-01,Mama,SIS,PROCEDIMIENTO,9700.43
2023-10-01,No oncológico (comparador),FISSAL,INSUMO,1597.32
2023-10-01,No oncológico (comparador),FISSAL,MEDICAMENTO,4144.71
2023-10-01,No oncológico (comparador),FISSAL,PROCEDIMIENTO,8021.3
2023-10-01,No oncológico (comparador),SIS,INSUMO,76471.91
2023-10-01,No oncológico (comparador),SIS,MEDICAMENTO,105523.2834
2023-10-01,No oncológico (comparador),SIS,PROCEDIMIENTO,131400.69
2023-10-01,Otro,FISSAL,INSUMO,62186.11
2023-10-01,Otro,FISSAL,MEDICAMENTO,86229.703
2023-10-01,Otro,FISSAL,PROCEDIMIENTO,48811.630000000005
2023-10-01,Otro,SIS,INSUMO,1145272.99
2023-10-01,Otro,SIS,MEDICAMENTO,1081979.8184
2023-10-01,Otro,SIS,PROCEDIMIENTO,1448189.47
2023-10-01,Próstata,FISSAL,INSUMO,32889.29
2023-10-01,Próstata,FISSAL,MEDICAMENTO,47989.009
2023-10-01,Próstata,FISSAL,PROCEDIMIENTO,133402.9
2023-10-01,Próstata,SIS,INSUMO,1761.4
2023-10-01,Próstata,SIS,MEDICAMENTO,603.326
2023-10-01,Próstata,SIS,PROCEDIMIENTO,2675.9500000000003
2023-11-01,Colon,FISSAL,INSUMO,207432.77
2023-11-01,Colon,FISSAL,MEDICAMENTO,173793.0905
2023-11-01,Colon,FISSAL,PROCEDIMIENTO,289397.15
2023-11-01,Colon,SIS,INSUMO,4788.110000000001
2023-11-01,Colon,SIS,MEDICAMENTO,935.06
2023-11-01,Colon,SIS,PROCEDIMIENTO,6226.860000000001
2023-11-01,Cuello uterino,FISSAL,INSUMO,242371.18
2023-11-01,Cuello uterino,FISSAL,MEDICAMENTO,202225.8247
2023-11-01,Cuello uterino,FISSAL,PROCEDIMIENTO,692543.71
2023-11-01,Cuello uterino,SIS,INSUMO,4140.67
2023-11-01,Cuello uterino,SIS,MEDICAMENTO,745.528
2023-11-01,Cuello uterino,SIS,PROCEDIMIENTO,6635.16
2023-11-01,Estómago,FISSAL,INSUMO,155271.56
2023-11-01,Estómago,FISSAL,MEDICAMENTO,95919.803
2023-11-01,Estómago,FISSAL,PROCEDIMIENTO,201539.87
2023-11-01,Estómago,SIS,INSUMO,641.96
2023-11-01,Estómago,SIS,MEDICAMENTO,597.3325
2023-11-01,Estómago,SIS,PROCEDIMIENTO,1003.86
2023-11-01,Leucemias,FISSAL,INSUMO,651662.38
2023-11-01,Leucemias,FISSAL,MEDICAMENTO,1278295.5727
2023-11-01,Leucemias,FISSAL,PROCEDIMIENTO,2354751.09
2023-11-01,Leucemias,SIS,INSUMO,5891.16
2023-11-01,Leucemias,SIS,MEDICAMENTO,3828.12
2023-11-01,Leucemias,SIS,PROCEDIMIENTO,19628.04
2023-11-01,Linfomas,FISSAL,INSUMO,147011.37
2023-11-01,Linfomas,FISSAL,MEDICAMENTO,198790.92489999998
2023-11-01,Linfomas,FISSAL,PROCEDIMIENTO,361262.17
2023-11-01,Linfomas,SIS,INSUMO,339.27000000000004
2023-11-01,Linfomas,SIS,MEDICAMENTO,336.31
2023-11-01,Linfomas,SIS,PROCEDIMIENTO,4268.0
2023-11-01,Mama,FISSAL,INSUMO,382973.04
2023-11-01,Mama,FISSAL,MEDICAMENTO,415050.9094
2023-11-01,Mama,FISSAL,PROCEDIMIENTO,914261.23
2023-11-01,Mama,SIS,INSUMO,3515.53
2023-11-01,Mama,SIS,MEDICAMENTO,1002.069
2023-11-01,Mama,SIS,PROCEDIMIENTO,9923.57
2023-11-01,No oncológico (comparador),FISSAL,INSUMO,7169.89
2023-11-01,No oncológico (comparador),FISSAL,MEDICAMENTO,2055.39
2023-11-01,No oncológico (comparador),FISSAL,PROCEDIMIENTO,11351.07
2023-11-01,No oncológico (comparador),SIS,INSUMO,111681.58
2023-11-01,No oncológico (comparador),SIS,MEDICAMENTO,311154.4201
2023-11-01,No oncológico (comparador),SIS,PROCEDIMIENTO,215230.95
2023-11-01,Otro,FISSAL,INSUMO,167418.77
2023-11-01,Otro,FISSAL,MEDICAMENTO,174837.37399999998
2023-11-01,Otro,FISSAL,PROCEDIMIENTO,304316.94
2023-11-01,Otro,SIS,INSUMO,1947644.2
2023-11-01,Otro,SIS,MEDICAMENTO,1181782.1877
2023-11-01,Otro,SIS,PROCEDIMIENTO,2624929.06
2023-11-01,Próstata,FISSAL,INSUMO,74406.53
2023-11-01,Próstata,FISSAL,MEDICAMENTO,81168.5935
2023-11-01,Próstata,FISSAL,PROCEDIMIENTO,226464.69
2023-11-01,Próstata,SIS,INSUMO,3075.19
2023-11-01,Próstata,SIS,MEDICAMENTO,722.4549999999999
2023-11-01,Próstata,SIS,PROCEDIMIENTO,6154.23
2023-12-01,Colon,FISSAL,INSUMO,141065.68
2023-12-01,Colon,FISSAL,MEDICAMENTO,69537.1939
2023-12-01,Colon,FISSAL,PROCEDIMIENTO,211284.61
2023-12-01,Colon,SIS,INSUMO,558.34
2023-12-01,Colon,SIS,MEDICAMENTO,539.36
2023-12-01,Colon,SIS,PROCEDIMIENTO,5394.15
2023-12-01,Cuello uterino,FISSAL,INSUMO,230315.58
2023-12-01,Cuello uterino,FISSAL,MEDICAMENTO,187560.718
2023-12-01,Cuello uterino,FISSAL,PROCEDIMIENTO,680794.48
2023-12-01,Cuello uterino,SIS,INSUMO,1957.36
2023-12-01,Cuello uterino,SIS,MEDICAMENTO,875.9949999999999
2023-12-01,Cuello uterino,SIS,PROCEDIMIENTO,6587.85
2023-12-01,Estómago,FISSAL,INSUMO,176224.88
2023-12-01,Estómago,FISSAL,MEDICAMENTO,112492.6321
2023-12-01,Estómago,FISSAL,PROCEDIMIENTO,261005.12
2023-12-01,Estómago,SIS,INSUMO,1530.79
2023-12-01,Estómago,SIS,MEDICAMENTO,343.0975
2023-12-01,Estómago,SIS,PROCEDIMIENTO,2844.9
2023-12-01,Leucemias,FISSAL,INSUMO,614628.49
2023-12-01,Leucemias,FISSAL,MEDICAMENTO,1273625.275
2023-12-01,Leucemias,FISSAL,PROCEDIMIENTO,2368104.97
2023-12-01,Leucemias,SIS,INSUMO,285.02
2023-12-01,Leucemias,SIS,MEDICAMENTO,46.43
2023-12-01,Leucemias,SIS,PROCEDIMIENTO,5518.57
2023-12-01,Linfomas,FISSAL,INSUMO,211299.77
2023-12-01,Linfomas,FISSAL,MEDICAMENTO,311939.161
2023-12-01,Linfomas,FISSAL,PROCEDIMIENTO,584331.78
2023-12-01,Linfomas,SIS,INSUMO,4610.21
2023-12-01,Linfomas,SIS,MEDICAMENTO,3424.37
2023-12-01,Linfomas,SIS,PROCEDIMIENTO,8532.9
2023-12-01,Mama,FISSAL,INSUMO,301886.43
2023-12-01,Mama,FISSAL,MEDICAMENTO,370096.5608
2023-12-01,Mama,FISSAL,PROCEDIMIENTO,933175.46
2023-12-01,Mama,SIS,INSUMO,1718.76
2023-12-01,Mama,SIS,MEDICAMENTO,511.646
2023-12-01,Mama,SIS,PROCEDIMIENTO,5096.45
2023-12-01,No oncológico (comparador),FISSAL,INSUMO,2190.3
2023-12-01,No oncológico (comparador),FISSAL,MEDICAMENTO,4745.99
2023-12-01,No oncológico (comparador),FISSAL,PROCEDIMIENTO,9000.65
2023-12-01,No oncológico (comparador),SIS,INSUMO,77850.52
2023-12-01,No oncológico (comparador),SIS,MEDICAMENTO,203328.4235
2023-12-01,No oncológico (comparador),SIS,PROCEDIMIENTO,153590.44
2023-12-01,Otro,FISSAL,INSUMO,59292.16
2023-12-01,Otro,FISSAL,MEDICAMENTO,160585.802
2023-12-01,Otro,FISSAL,PROCEDIMIENTO,186898.92
2023-12-01,Otro,SIS,INSUMO,1759363.87
2023-12-01,Otro,SIS,MEDICAMENTO,1057693.2736
2023-12-01,Otro,SIS,PROCEDIMIENTO,2525231.24
2023-12-01,Próstata,FISSAL,INSUMO,97345.08
2023-12-01,Próstata,FISSAL,MEDICAMENTO,87222.6616
2023-12-01,Próstata,FISSAL,PROCEDIMIENTO,202286.56
2023-12-01,Próstata,SIS,INSUMO,169.87
2023-12-01,Próstata,SIS,MEDICAMENTO,980.22
2023-12-01,Próstata,SIS,PROCEDIMIENTO,1407.84
2024-01-01,Colon,FISSAL,INSUMO,205940.14
2024-01-01,Colon,FISSAL,MEDICAMENTO,65812.6315
2024-01-01,Colon,FISSAL,PROCEDIMIENTO,244054.02
2024-01-01,Colon,SIS,INSUMO,16678.08
2024-01-01,Colon,SIS,MEDICAMENTO,10496.382
2024-01-01,Colon,SIS,PROCEDIMIENTO,17690.15
2024-01-01,Cuello uterino,FISSAL,INSUMO,248868.19999999998
2024-01-01,Cuello uterino,FISSAL,MEDICAMENTO,211307.7873
2024-01-01,Cuello uterino,FISSAL,PROCEDIMIENTO,723182.65
2024-01-01,Cuello uterino,SIS,INSUMO,8926.91
2024-01-01,Cuello uterino,SIS,MEDICAMENTO,22533.17
2024-01-01,Cuello uterino,SIS,PROCEDIMIENTO,74511.87999999999
2024-01-01,Estómago,FISSAL,INSUMO,167000.46
2024-01-01,Estómago,FISSAL,MEDICAMENTO,80735.2417
2024-01-01,Estómago,FISSAL,PROCEDIMIENTO,223794.49
2024-01-01,Estómago,SIS,INSUMO,26877.21
2024-01-01,Estómago,SIS,MEDICAMENTO,4826.322
2024-01-01,Estómago,SIS,PROCEDIMIENTO,15638.56
2024-01-01,Leucemias,FISSAL,INSUMO,417842.21
2024-01-01,Leucemias,FISSAL,MEDICAMENTO,1241463.8428
2024-01-01,Leucemias,FISSAL,PROCEDIMIENTO,2090678.52
2024-01-01,Leucemias,SIS,INSUMO,14278.470000000001
2024-01-01,Leucemias,SIS,MEDICAMENTO,23257.429
2024-01-01,Leucemias,SIS,PROCEDIMIENTO,52715.79
2024-01-01,Linfomas,FISSAL,INSUMO,117027.15
2024-01-01,Linfomas,FISSAL,MEDICAMENTO,203546.8705
2024-01-01,Linfomas,FISSAL,PROCEDIMIENTO,462217.79
2024-01-01,Linfomas,SIS,INSUMO,6493.03
2024-01-01,Linfomas,SIS,MEDICAMENTO,8894.51
2024-01-01,Linfomas,SIS,PROCEDIMIENTO,31587.43
2024-01-01,Mama,FISSAL,INSUMO,337684.1
2024-01-01,Mama,FISSAL,MEDICAMENTO,330840.8641
2024-01-01,Mama,FISSAL,PROCEDIMIENTO,939683.63
2024-01-01,Mama,SIS,INSUMO,35305.369999999995
2024-01-01,Mama,SIS,MEDICAMENTO,62136.218
2024-01-01,Mama,SIS,PROCEDIMIENTO,103122.12
2024-01-01,No oncológico (comparador),FISSAL,INSUMO,10593.76
2024-01-01,No oncológico (comparador),FISSAL,MEDICAMENTO,4198.064
2024-01-01,No oncológico (comparador),FISSAL,PROCEDIMIENTO,22130.11
2024-01-01,No oncológico (comparador),SIS,INSUMO,67274.99
2024-01-01,No oncológico (comparador),SIS,MEDICAMENTO,255111.6335
2024-01-01,No oncológico (comparador),SIS,PROCEDIMIENTO,202324.33
2024-01-01,Otro,FISSAL,INSUMO,81821.97
2024-01-01,Otro,FISSAL,MEDICAMENTO,131350.94
2024-01-01,Otro,FISSAL,PROCEDIMIENTO,212929.76
2024-01-01,Otro,SIS,INSUMO,1877348.16
2024-01-01,Otro,SIS,MEDICAMENTO,1134454.7931
2024-01-01,Otro,SIS,PROCEDIMIENTO,2698575.39
2024-01-01,Próstata,FISSAL,INSUMO,66005.16
2024-01-01,Próstata,FISSAL,MEDICAMENTO,67829.2775
2024-01-01,Próstata,FISSAL,PROCEDIMIENTO,230691.8
2024-01-01,Próstata,SIS,INSUMO,2507.2599999999998
2024-01-01,Próstata,SIS,MEDICAMENTO,4830.76
2024-01-01,Próstata,SIS,PROCEDIMIENTO,28629.28
2024-02-01,Colon,FISSAL,INSUMO,138004.25
2024-02-01,Colon,FISSAL,MEDICAMENTO,81640.5568
2024-02-01,Colon,FISSAL,PROCEDIMIENTO,225637.35
2024-02-01,Colon,SIS,INSUMO,9374.130000000001
2024-02-01,Colon,SIS,MEDICAMENTO,976.475
2024-02-01,Colon,SIS,PROCEDIMIENTO,2978.47
2024-02-01,Cuello uterino,FISSAL,INSUMO,204568.21
2024-02-01,Cuello uterino,FISSAL,MEDICAMENTO,228660.1777
2024-02-01,Cuello uterino,FISSAL,PROCEDIMIENTO,695386.45
2024-02-01,Cuello uterino,SIS,INSUMO,5904.09
2024-02-01,Cuello uterino,SIS,MEDICAMENTO,501.652
2024-02-01,Cuello uterino,SIS,PROCEDIMIENTO,18039.079999999998
2024-02-01,Estómago,FISSAL,INSUMO,88213.68000000001
2024-02-01,Estómago,FISSAL,MEDICAMENTO,80965.5536
2024-02-01,Estómago,FISSAL,PROCEDIMIENTO,166546.93
2024-02-01,Estómago,SIS,INSUMO,1601.08
2024-02-01,Estómago,SIS,MEDICAMENTO,460.0325
2024-02-01,Estómago,SIS,PROCEDIMIENTO,3271.52
2024-02-01,Leucemias,FISSAL,INSUMO,373731.29
2024-02-01,Leucemias,FISSAL,MEDICAMENTO,903549.9689
2024-02-01,Leucemias,FISSAL,PROCEDIMIENTO,2010112.44
2024-02-01,Leucemias,SIS,INSUMO,310.87
2024-02-01,Leucemias,SIS,MEDICAMENTO,430.22
2024-02-01,Leucemias,SIS,PROCEDIMIENTO,6510.03
2024-02-01,Linfomas,FISSAL,INSUMO,95951.73
2024-02-01,Linfomas,FISSAL,MEDICAMENTO,157811.896
2024-02-01,Linfomas,FISSAL,PROCEDIMIENTO,414239.3
2024-02-01,Linfomas,SIS,INSUMO,549.6700000000001
2024-02-01,Linfomas,SIS,MEDICAMENTO,1049.3275
2024-02-01,Linfomas,SIS,PROCEDIMIENTO,5232.52
2024-02-01,Mama,FISSAL,INSUMO,314546.87
2024-02-01,Mama,FISSAL,MEDICAMENTO,427203.3212
2024-02-01,Mama,FISSAL,PROCEDIMIENTO,1042566.51
2024-02-01,Mama,SIS,INSUMO,2135.72
2024-02-01,Mama,SIS,MEDICAMENTO,1726.735
2024-02-01,Mama,SIS,PROCEDIMIENTO,9600.07
2024-02-01,No oncológico (comparador),FISSAL,INSUMO,10996.6
2024-02-01,No oncológico (comparador),FISSAL,MEDICAMENTO,6782.898
2024-02-01,No oncológico (comparador),FISSAL,PROCEDIMIENTO,33789.87
2024-02-01,No oncológico (comparador),SIS,INSUMO,77153.69
2024-02-01,No oncológico (comparador),SIS,MEDICAMENTO,210691.2156
2024-02-01,No oncológico (comparador),SIS,PROCEDIMIENTO,176998.36
2024-02-01,Otro,FISSAL,INSUMO,43524.17
2024-02-01,Otro,FISSAL,MEDICAMENTO,105224.0845
2024-02-01,Otro,FISSAL,PROCEDIMIENTO,170742.76
2024-02-01,Otro,SIS,INSUMO,1909470.57
2024-02-01,Otro,SIS,MEDICAMENTO,1379579.3693
2024-02-01,Otro,SIS,PROCEDIMIENTO,2922319.82
2024-02-01,Próstata,FISSAL,INSUMO,61311.17
2024-02-01,Próstata,FISSAL,MEDICAMENTO,77236.487
2024-02-01,Próstata,FISSAL,PROCEDIMIENTO,226337.83
2024-02-01,Próstata,SIS,INSUMO,25.95
2024-02-01,Próstata,SIS,MEDICAMENTO,732.8599999999999
2024-02-01,Próstata,SIS,PROCEDIMIENTO,1775.1299999999999
2024-03-01,Colon,FISSAL,INSUMO,170137.29
2024-03-01,Colon,FISSAL,MEDICAMENTO,134752.4228
2024-03-01,Colon,FISSAL,PROCEDIMIENTO,243153.07
2024-03-01,Colon,SIS,INSUMO,165.64000000000001
2024-03-01,Colon,SIS,MEDICAMENTO,694.24
2024-03-01,Colon,SIS,PROCEDIMIENTO,2269.6
2024-03-01,Cuello uterino,FISSAL,INSUMO,255223.68000000002
2024-03-01,Cuello uterino,FISSAL,MEDICAMENTO,238995.4952
2024-03-01,Cuello uterino,FISSAL,PROCEDIMIENTO,612036.35
2024-03-01,Cuello uterino,SIS,INSUMO,4406.53
2024-03-01,Cuello uterino,SIS,MEDICAMENTO,416.476
2024-03-01,Cuello uterino,SIS,PROCEDIMIENTO,16832.68
2024-03-01,Estómago,FISSAL,INSUMO,118019.61
2024-03-01,Estómago,FISSAL,MEDICAMENTO,75538.7789
2024-03-01,Estómago,FISSAL,PROCEDIMIENTO,202755.11
2024-03-01,Estómago,SIS,INSUMO,846.24
2024-03-01,Estómago,SIS,MEDICAMENTO,220.8225
2024-03-01,Estómago,SIS,PROCEDIMIENTO,1722.77
2024-03-01,Leucemias,FISSAL,INSUMO,308095.39
2024-03-01,Leucemias,FISSAL,MEDICAMENTO,931954.9822
2024-03-01,Leucemias,FISSAL,PROCEDIMIENTO,1880910.73
2024-03-01,Leucemias,SIS,INSUMO,154.65
2024-03-01,Leucemias,SIS,MEDICAMENTO,136.54999999999998
2024-03-01,Leucemias,SIS,PROCEDIMIENTO,4766.66
2024-03-01,Linfomas,FISSAL,INSUMO,86692.63
2024-03-01,Linfomas,FISSAL,MEDICAMENTO,179900.1019
2024-03-01,Linfomas,FISSAL,PROCEDIMIENTO,384887.05
2024-03-01,Linfomas,SIS,INSUMO,301.24
2024-03-01,Linfomas,SIS,MEDICAMENTO,14.2075
2024-03-01,Linfomas,SIS,PROCEDIMIENTO,1182.88
2024-03-01,Mama,FISSAL,INSUMO,355366.82
2024-03-01,Mama,FISSAL,MEDICAMENTO,400169.1688
2024-03-01,Mama,FISSAL,PROCEDIMIENTO,1047730.17
2024-03-01,Mama,SIS,INSUMO,3589.11
2024-03-01,Mama,SIS,MEDICAMENTO,421.05400000000003
2024-03-01,Mama,SIS,PROCEDIMIENTO,12771.72
2024-03-01,No oncológico (comparador),FISSAL,INSUMO,2773.67
2024-03-01,No oncológico (comparador),FISSAL,MEDICAMENTO,2928.27
2024-03-01,No oncológico (comparador),FISSAL,PROCEDIMIENTO,9750.2
2024-03-01,No oncológico (comparador),SIS,INSUMO,68755.69
2024-03-01,No oncológico (comparador),SIS,MEDICAMENTO,163823.2382
2024-03-01,No oncológico (comparador),SIS,PROCEDIMIENTO,166028.05
2024-03-01,Otro,FISSAL,INSUMO,47175.19
2024-03-01,Otro,FISSAL,MEDICAMENTO,118235.425
2024-03-01,Otro,FISSAL,PROCEDIMIENTO,123029.2
2024-03-01,Otro,SIS,INSUMO,1827519.68
2024-03-01,Otro,SIS,MEDICAMENTO,1293425.6867
2024-03-01,Otro,SIS,PROCEDIMIENTO,2583223.89
2024-03-01,Próstata,FISSAL,INSUMO,60745.5
2024-03-01,Próstata,FISSAL,MEDICAMENTO,80784.5468
2024-03-01,Próstata,FISSAL,PROCEDIMIENTO,234412.85
2024-03-01,Próstata,SIS,INSUMO,559.23
2024-03-01,Próstata,SIS,MEDICAMENTO,287.205
2024-03-01,Próstata,SIS,PROCEDIMIENTO,1374.1399999999999
2024-04-01,Colon,FISSAL,INSUMO,203200.442
2024-04-01,Colon,FISSAL,MEDICAMENTO,173723.8818
2024-04-01,Colon,FISSAL,PROCEDIMIENTO,293955.54
2024-04-01,Colon,SIS,INSUMO,15986.36
2024-04-01,Colon,SIS,MEDICAMENTO,849.418
2024-04-01,Colon,SIS,PROCEDIMIENTO,4430.38
2024-04-01,Cuello uterino,FISSAL,INSUMO,320207.952
2024-04-01,Cuello uterino,FISSAL,MEDICAMENTO,254697.3448
2024-04-01,Cuello uterino,FISSAL,PROCEDIMIENTO,897032.55
2024-04-01,Cuello uterino,SIS,INSUMO,802.61
2024-04-01,Cuello uterino,SIS,MEDICAMENTO,542.52
2024-04-01,Cuello uterino,SIS,PROCEDIMIENTO,16978.85
2024-04-01,Estómago,FISSAL,INSUMO,142777.36
2024-04-01,Estómago,FISSAL,MEDICAMENTO,69115.85859999999
2024-04-01,Estómago,FISSAL,PROCEDIMIENTO,215027.9
2024-04-01,Estómago,SIS,INSUMO,705.38
2024-04-01,Estómago,SIS,MEDICAMENTO,93.5515
2024-04-01,Estómago,SIS,PROCEDIMIENTO,1212.68
2024-04-01,Leucemias,FISSAL,INSUMO,387076.33
2024-04-01,Leucemias,FISSAL,MEDICAMENTO,1204642.2007
2024-04-01,Leucemias,FISSAL,PROCEDIMIENTO,2530930.33
2024-04-01,Leucemias,SIS,INSUMO,273.99
2024-04-01,Leucemias,SIS,MEDICAMENTO,41.72
2024-04-01,Leucemias,SIS,PROCEDIMIENTO,4578.95
2024-04-01,Linfomas,FISSAL,INSUMO,124175.394
2024-04-01,Linfomas,FISSAL,MEDICAMENTO,200850.3808
2024-04-01,Linfomas,FISSAL,PROCEDIMIENTO,541344.24
2024-04-01,Linfomas,SIS,INSUMO,1020.68
2024-04-01,Linfomas,SIS,MEDICAMENTO,547.879
2024-04-01,Linfomas,SIS,PROCEDIMIENTO,6185.2699999999995
2024-04-01,Mama,FISSAL,INSUMO,369490.784
2024-04-01,Mama,FISSAL,MEDICAMENTO,445202.5149
2024-04-01,Mama,FISSAL,PROCEDIMIENTO,1119837.04
2024-04-01,Mama,SIS,INSUMO,3383.57
2024-04-01,Mama,SIS,MEDICAMENTO,1632.007
2024-04-01,Mama,SIS,PROCEDIMIENTO,12861.91
2024-04-01,No oncológico (comparador),FISSAL,INSUMO,4281.03
2024-04-01,No oncológico (comparador),FISSAL,MEDICAMENTO,2599.71
2024-04-01,No oncológico (comparador),FISSAL,PROCEDIMIENTO,14675.42
2024-04-01,No oncológico (comparador),SIS,INSUMO,70413.244
2024-04-01,No oncológico (comparador),SIS,MEDICAMENTO,339325.2465
2024-04-01,No oncológico (comparador),SIS,PROCEDIMIENTO,192857.6
2024-04-01,Otro,FISSAL,INSUMO,36232.53
2024-04-01,Otro,FISSAL,MEDICAMENTO,71085.818
2024-04-01,Otro,FISSAL,PROCEDIMIENTO,66066.48
2024-04-01,Otro,SIS,INSUMO,1904723.64
2024-04-01,Otro,SIS,MEDICAMENTO,1288394.0851
2024-04-01,Otro,SIS,PROCEDIMIENTO,2980037.08
2024-04-01,Próstata,FISSAL,INSUMO,76377.62
2024-04-01,Próstata,FISSAL,MEDICAMENTO,81005.9806
2024-04-01,Próstata,FISSAL,PROCEDIMIENTO,287666.42
2024-04-01,Próstata,SIS,INSUMO,757.34
2024-04-01,Próstata,SIS,MEDICAMENTO,364.0424
2024-04-01,Próstata,SIS,PROCEDIMIENTO,3286.35
2024-05-01,Colon,FISSAL,INSUMO,177914.09
2024-05-01,Colon,FISSAL,MEDICAMENTO,100504.099
2024-05-01,Colon,FISSAL,PROCEDIMIENTO,326322.61
2024-05-01,Colon,SIS,INSUMO,741.18
2024-05-01,Colon,SIS,MEDICAMENTO,209.659
2024-05-01,Colon,SIS,PROCEDIMIENTO,3694.27
2024-05-01,Cuello uterino,FISSAL,INSUMO,249907.66
2024-05-01,Cuello uterino,FISSAL,MEDICAMENTO,216886.1929
2024-05-01,Cuello uterino,FISSAL,PROCEDIMIENTO,736626.37
2024-05-01,Cuello uterino,SIS,INSUMO,2232.55
2024-05-01,Cuello uterino,SIS,MEDICAMENTO,1103.9736
2024-05-01,Cuello uterino,SIS,PROCEDIMIENTO,29401.54
2024-05-01,Estómago,FISSAL,INSUMO,160403.81
2024-05-01,Estómago,FISSAL,MEDICAMENTO,129217.3112
2024-05-01,Estómago,FISSAL,PROCEDIMIENTO,280087.02
2024-05-01,Estómago,SIS,INSUMO,338.91
2024-05-01,Estómago,SIS,MEDICAMENTO,91.0575
2024-05-01,Estómago,SIS,PROCEDIMIENTO,1899.01
2024-05-01,Leucemias,FISSAL,INSUMO,434426.41000000003
2024-05-01,Leucemias,FISSAL,MEDICAMENTO,1226895.5138
2024-05-01,Leucemias,FISSAL,PROCEDIMIENTO,2652794.32
2024-05-01,Leucemias,SIS,INSUMO,253.52999999999997
2024-05-01,Leucemias,SIS,MEDICAMENTO,65.87
2024-05-01,Leucemias,SIS,PROCEDIMIENTO,7881.09
2024-05-01,Linfomas,FISSAL,INSUMO,173124.97
2024-05-01,Linfomas,FISSAL,MEDICAMENTO,297826.3711
2024-05-01,Linfomas,FISSAL,PROCEDIMIENTO,737235.77
2024-05-01,Linfomas,SIS,INSUMO,702.04
2024-05-01,Linfomas,SIS,MEDICAMENTO,212.47
2024-05-01,Linfomas,SIS,PROCEDIMIENTO,9546.9
2024-05-01,Mama,FISSAL,INSUMO,378273.64
2024-05-01,Mama,FISSAL,MEDICAMENTO,446638.7423
2024-05-01,Mama,FISSAL,PROCEDIMIENTO,1307051.86
2024-05-01,Mama,SIS,INSUMO,1785.8
2024-05-01,Mama,SIS,MEDICAMENTO,129.25
2024-05-01,Mama,SIS,PROCEDIMIENTO,21791.37
2024-05-01,No oncológico (comparador),FISSAL,INSUMO,1448.3
2024-05-01,No oncológico (comparador),FISSAL,MEDICAMENTO,3615.9500000000003
2024-05-01,No oncológico (comparador),FISSAL,PROCEDIMIENTO,10269.31
2024-05-01,No oncológico (comparador),SIS,INSUMO,76322.29
2024-05-01,No oncológico (comparador),SIS,MEDICAMENTO,217044.9125
2024-05-01,No oncológico (comparador),SIS,PROCEDIMIENTO,192727.08
2024-05-01,Otro,FISSAL,INSUMO,30141.52
2024-05-01,Otro,FISSAL,MEDICAMENTO,128414.306
2024-05-01,Otro,FISSAL,PROCEDIMIENTO,159767.57
2024-05-01,Otro,SIS,INSUMO,1949352.42
2024-05-01,Otro,SIS,MEDICAMENTO,1313539.0073
2024-05-01,Otro,SIS,PROCEDIMIENTO,3190702.23
2024-05-01,Próstata,FISSAL,INSUMO,67495.65
2024-05-01,Próstata,FISSAL,MEDICAMENTO,91893.4716
2024-05-01,Próstata,FISSAL,PROCEDIMIENTO,261467.67
2024-05-01,Próstata,SIS,INSUMO,320.82
2024-05-01,Próstata,SIS,MEDICAMENTO,412.07
2024-05-01,Próstata,SIS,PROCEDIMIENTO,3187.0
2024-06-01,Colon,FISSAL,INSUMO,103383.5
2024-06-01,Colon,FISSAL,MEDICAMENTO,91106.6733
2024-06-01,Colon,FISSAL,PROCEDIMIENTO,229485.33
2024-06-01,Colon,SIS,INSUMO,1780.13
2024-06-01,Colon,SIS,MEDICAMENTO,1217.38
2024-06-01,Colon,SIS,PROCEDIMIENTO,5798.74
2024-06-01,Cuello uterino,FISSAL,INSUMO,251143.88
2024-06-01,Cuello uterino,FISSAL,MEDICAMENTO,219470.18
2024-06-01,Cuello uterino,FISSAL,PROCEDIMIENTO,701935.49
2024-06-01,Cuello uterino,SIS,INSUMO,4518.63
2024-06-01,Cuello uterino,SIS,MEDICAMENTO,853.26
2024-06-01,Cuello uterino,SIS,PROCEDIMIENTO,23042.14
2024-06-01,Estómago,FISSAL,INSUMO,129793.98
2024-06-01,Estómago,FISSAL,MEDICAMENTO,80516.8231
2024-06-01,Estómago,FISSAL,PROCEDIMIENTO,232699.51
2024-06-01,Estómago,SIS,INSUMO,14353.390000000001
2024-06-01,Estómago,SIS,MEDICAMENTO,1513.2275
2024-06-01,Estómago,SIS,PROCEDIMIENTO,10310.74
2024-06-01,Leucemias,FISSAL,INSUMO,307979.08
2024-06-01,Leucemias,FISSAL,MEDICAMENTO,1232816.7851
2024-06-01,Leucemias,FISSAL,PROCEDIMIENTO,2462117.22
2024-06-01,Leucemias,SIS,INSUMO,17.81
2024-06-01,Leucemias,SIS,MEDICAMENTO,219.12
2024-06-01,Leucemias,SIS,PROCEDIMIENTO,16073.6
2024-06-01,Linfomas,FISSAL,INSUMO,118614.81
2024-06-01,Linfomas,FISSAL,MEDICAMENTO,222559.9201
2024-06-01,Linfomas,FISSAL,PROCEDIMIENTO,564822.88
2024-06-01,Linfomas,SIS,INSUMO,386.17999999999995
2024-06-01,Linfomas,SIS,MEDICAMENTO,1861.56
2024-06-01,Linfomas,SIS,PROCEDIMIENTO,10811.99
2024-06-01,Mama,FISSAL,INSUMO,364532.2
2024-06-01,Mama,FISSAL,MEDICAMENTO,402058.997
2024-06-01,Mama,FISSAL,PROCEDIMIENTO,1135856.35
2024-06-01,Mama,SIS,INSUMO,2383.15
2024-06-01,Mama,SIS,MEDICAMENTO,943.282
2024-06-01,Mama,SIS,PROCEDIMIENTO,18466.61
2024-06-01,No oncológico (comparador),FISSAL,INSUMO,2401.14
2024-06-01,No oncológico (comparador),FISSAL,MEDICAMENTO,2066.43
2024-06-01,No oncológico (comparador),FISSAL,PROCEDIMIENTO,8061.74
2024-06-01,No oncológico (comparador),SIS,INSUMO,50230.14
2024-06-01,No oncológico (comparador),SIS,MEDICAMENTO,185705.9326
2024-06-01,No oncológico (comparador),SIS,PROCEDIMIENTO,147345.42
2024-06-01,Otro,FISSAL,INSUMO,57286.840000000004
2024-06-01,Otro,FISSAL,MEDICAMENTO,172139.6187
2024-06-01,Otro,FISSAL,PROCEDIMIENTO,242651.07
2024-06-01,Otro,SIS,INSUMO,1796297.97
2024-06-01,Otro,SIS,MEDICAMENTO,1129710.6335
2024-06-01,Otro,SIS,PROCEDIMIENTO,2898213.13
2024-06-01,Próstata,FISSAL,INSUMO,57574.07
2024-06-01,Próstata,FISSAL,MEDICAMENTO,81196.6201
2024-06-01,Próstata,FISSAL,PROCEDIMIENTO,253296.85
2024-06-01,Próstata,SIS,INSUMO,163.55999999999997
2024-06-01,Próstata,SIS,MEDICAMENTO,239.81
2024-06-01,Próstata,SIS,PROCEDIMIENTO,3882.1800000000003
2024-07-01,Colon,FISSAL,INSUMO,165035.67
2024-07-01,Colon,FISSAL,MEDICAMENTO,121949.1938
2024-07-01,Colon,FISSAL,PROCEDIMIENTO,296288.89
2024-07-01,Colon,SIS,INSUMO,543.0
2024-07-01,Colon,SIS,MEDICAMENTO,1000.348
2024-07-01,Colon,SIS,PROCEDIMIENTO,3873.38
2024-07-01,Cuello uterino,FISSAL,INSUMO,251654.69
2024-07-01,Cuello uterino,FISSAL,MEDICAMENTO,228013.1115
2024-07-01,Cuello uterino,FISSAL,PROCEDIMIENTO,822460.92
2024-07-01,Cuello uterino,SIS,INSUMO,220.67
2024-07-01,Cuello uterino,SIS,MEDICAMENTO,344.68
2024-07-01,Cuello uterino,SIS,PROCEDIMIENTO,16873.11
2024-07-01,Estómago,FISSAL,INSUMO,133481.71
2024-07-01,Estómago,FISSAL,MEDICAMENTO,77653.8501
2024-07-01,Estómago,FISSAL,PROCEDIMIENTO,261434.24
2024-07-01,Estómago,SIS,INSUMO,630.73
2024-07-01,Estómago,SIS,MEDICAMENTO,1044.2575
2024-07-01,Estómago,SIS,PROCEDIMIENTO,2779.2599999999998
2024-07-01,Leucemias,FISSAL,INSUMO,317627.63
2024-07-01,Leucemias,FISSAL,MEDICAMENTO,1111362.7204
2024-07-01,Leucemias,FISSAL,PROCEDIMIENTO,2239888.82
2024-07-01,Leucemias,SIS,INSUMO,38.269999999999996
2024-07-01,Leucemias,SIS,MEDICAMENTO,69.49000000000001
2024-07-01,Leucemias,SIS,PROCEDIMIENTO,11882.4
2024-07-01,Linfomas,FISSAL,INSUMO,116408.43
2024-07-01,Linfomas,FISSAL,MEDICAMENTO,175657.603
2024-07-01,Linfomas,FISSAL,PROCEDIMIENTO,671504.36
2024-07-01,Linfomas,SIS,INSUMO,710.8299999999999
2024-07-01,Linfomas,SIS,MEDICAMENTO,1059.825
2024-07-01,Linfomas,SIS,PROCEDIMIENTO,16526.82
2024-07-01,Mama,FISSAL,INSUMO,374198.52
2024-07-01,Mama,FISSAL,MEDICAMENTO,456538.0773
2024-07-01,Mama,FISSAL,PROCEDIMIENTO,1389708.77
2024-07-01,Mama,SIS,INSUMO,1838.6100000000001
2024-07-01,Mama,SIS,MEDICAMENTO,519.448
2024-07-01,Mama,SIS,PROCEDIMIENTO,18025.41
2024-07-01,No oncológico (comparador),FISSAL,INSUMO,664.25
2024-07-01,No oncológico (comparador),FISSAL,MEDICAMENTO,6883.29
2024-07-01,No oncológico (comparador),FISSAL,PROCEDIMIENTO,11175.2
2024-07-01,No oncológico (comparador),SIS,INSUMO,50114.32
2024-07-01,No oncológico (comparador),SIS,MEDICAMENTO,413712.34380000003
2024-07-01,No oncológico (comparador),SIS,PROCEDIMIENTO,185522.68
2024-07-01,Otro,FISSAL,INSUMO,31895.95
2024-07-01,Otro,FISSAL,MEDICAMENTO,95159.0838
2024-07-01,Otro,FISSAL,PROCEDIMIENTO,121669.36
2024-07-01,Otro,SIS,INSUMO,1783722.51
2024-07-01,Otro,SIS,MEDICAMENTO,1217465.7623
2024-07-01,Otro,SIS,PROCEDIMIENTO,3161185.26
2024-07-01,Próstata,FISSAL,INSUMO,57567.81
2024-07-01,Próstata,FISSAL,MEDICAMENTO,91846.5106
2024-07-01,Próstata,FISSAL,PROCEDIMIENTO,249149.52
2024-07-01,Próstata,SIS,INSUMO,19.72
2024-07-01,Próstata,SIS,MEDICAMENTO,617.6999999999999
2024-07-01,Próstata,SIS,PROCEDIMIENTO,4379.76
2024-08-01,Colon,FISSAL,INSUMO,204361.9
2024-08-01,Colon,FISSAL,MEDICAMENTO,204050.7869
2024-08-01,Colon,FISSAL,PROCEDIMIENTO,370356.94
2024-08-01,Colon,SIS,INSUMO,1853.1599999999999
2024-08-01,Colon,SIS,MEDICAMENTO,333.088
2024-08-01,Colon,SIS,PROCEDIMIENTO,1473.18
2024-08-01,Cuello uterino,FISSAL,INSUMO,226896.36
2024-08-01,Cuello uterino,FISSAL,MEDICAMENTO,234575.6366
2024-08-01,Cuello uterino,FISSAL,PROCEDIMIENTO,859212.57
2024-08-01,Cuello uterino,SIS,INSUMO,273.99
2024-08-01,Cuello uterino,SIS,MEDICAMENTO,246.03
2024-08-01,Cuello uterino,SIS,PROCEDIMIENTO,9310.369999999999
2024-08-01,Estómago,FISSAL,INSUMO,150255.3
2024-08-01,Estómago,FISSAL,MEDICAMENTO,111379.1148
2024-08-01,Estómago,FISSAL,PROCEDIMIENTO,274220.37
2024-08-01,Estómago,SIS,INSUMO,466.37
2024-08-01,Estómago,SIS,MEDICAMENTO,324.65749999999997
2024-08-01,Estómago,SIS,PROCEDIMIENTO,2922.08
2024-08-01,Leucemias,FISSAL,INSUMO,359710.14
2024-08-01,Leucemias,FISSAL,MEDICAMENTO,1147824.4084
2024-08-01,Leucemias,FISSAL,PROCEDIMIENTO,2389852.06
2024-08-01,Leucemias,SIS,INSUMO,102.81
2024-08-01,Leucemias,SIS,MEDICAMENTO,6.2
2024-08-01,Leucemias,SIS,PROCEDIMIENTO,10016.59
2024-08-01,Linfomas,FISSAL,INSUMO,157985.57
2024-08-01,Linfomas,FISSAL,MEDICAMENTO,340979.49
2024-08-01,Linfomas,FISSAL,PROCEDIMIENTO,685981.66
2024-08-01,Linfomas,SIS,INSUMO,681.01
2024-08-01,Linfomas,SIS,MEDICAMENTO,535.93
2024-08-01,Linfomas,SIS,PROCEDIMIENTO,8896.82
2024-08-01,Mama,FISSAL,INSUMO,373013.48
2024-08-01,Mama,FISSAL,MEDICAMENTO,439515.8723
2024-08-01,Mama,FISSAL,PROCEDIMIENTO,1337685.41
2024-08-01,Mama,SIS,INSUMO,3429.11
2024-08-01,Mama,SIS,MEDICAMENTO,1962.124
2024-08-01,Mama,SIS,PROCEDIMIENTO,15789.34
2024-08-01,No oncológico (comparador),FISSAL,INSUMO,43667.95
2024-08-01,No oncológico (comparador),FISSAL,MEDICAMENTO,10584.007
2024-08-01,No oncológico (comparador),FISSAL,PROCEDIMIENTO,43846.119999999995
2024-08-01,No oncológico (comparador),SIS,INSUMO,77311.29
2024-08-01,No oncológico (comparador),SIS,MEDICAMENTO,327197.7981
2024-08-01,No oncológico (comparador),SIS,PROCEDIMIENTO,223308.17
2024-08-01,Otro,FISSAL,INSUMO,49011.270000000004
2024-08-01,Otro,FISSAL,MEDICAMENTO,205292.2826
2024-08-01,Otro,FISSAL,PROCEDIMIENTO,261862.78
2024-08-01,Otro,SIS,INSUMO,2361470.198
2024-08-01,Otro,SIS,MEDICAMENTO,1433403.3899
2024-08-01,Otro,SIS,PROCEDIMIENTO,3613772.14
2024-08-01,Próstata,FISSAL,INSUMO,76543.85
2024-08-01,Próstata,FISSAL,MEDICAMENTO,96728.7583
2024-08-01,Próstata,FISSAL,PROCEDIMIENTO,255278.3
2024-08-01,Próstata,SIS,INSUMO,87.78
2024-08-01,Próstata,SIS,MEDICAMENTO,168.88
2024-08-01,Próstata,SIS,PROCEDIMIENTO,2829.67
2024-09-01,Colon,FISSAL,INSUMO,223561.48
2024-09-01,Colon,FISSAL,MEDICAMENTO,145115.1694
2024-09-01,Colon,FISSAL,PROCEDIMIENTO,343622.83
2024-09-01,Colon,SIS,INSUMO,691.58
2024-09-01,Colon,SIS,MEDICAMENTO,349.29
2024-09-01,Colon,SIS,PROCEDIMIENTO,5211.91
2024-09-01,Cuello uterino,FISSAL,INSUMO,248564.76
2024-09-01,Cuello uterino,FISSAL,MEDICAMENTO,233224.7955
2024-09-01,Cuello uterino,FISSAL,PROCEDIMIENTO,795302.18
2024-09-01,Cuello uterino,SIS,INSUMO,232.03000000000003
2024-09-01,Cuello uterino,SIS,MEDICAMENTO,370.21
2024-09-01,Cuello uterino,SIS,PROCEDIMIENTO,11807.12
2024-09-01,Estómago,FISSAL,INSUMO,136521.46
2024-09-01,Estómago,FISSAL,MEDICAMENTO,105729.4067
2024-09-01,Estómago,FISSAL,PROCEDIMIENTO,295340.4
2024-09-01,Estómago,SIS,INSUMO,2921.13
2024-09-01,Estómago,SIS,MEDICAMENTO,3386.7975
2024-09-01,Estómago,SIS,PROCEDIMIENTO,13506.36
2024-09-01,Leucemias,FISSAL,INSUMO,366756.21
2024-09-01,Leucemias,FISSAL,MEDICAMENTO,1231146.6173999999
2024-09-01,Leucemias,FISSAL,PROCEDIMIENTO,2392639.32
2024-09-01,Leucemias,SIS,PROCEDIMIENTO,16220.34
2024-09-01,Linfomas,FISSAL,INSUMO,153930.51
2024-09-01,Linfomas,FISSAL,MEDICAMENTO,378276.2324
2024-09-01,Linfomas,FISSAL,PROCEDIMIENTO,830396.69
2024-09-01,Linfomas,SIS,INSUMO,316.09000000000003
2024-09-01,Linfomas,SIS,MEDICAMENTO,2127.7075000000004
2024-09-01,Linfomas,SIS,PROCEDIMIENTO,9756.81
2024-09-01,Mama,FISSAL,INSUMO,383312.75800000003
2024-09-01,Mama,FISSAL,MEDICAMENTO,479833.8549
2024-09-01,Mama,FISSAL,PROCEDIMIENTO,1453611.51
2024-09-01,Mama,SIS,INSUMO,864.2
2024-09-01,Mama,SIS,MEDICAMENTO,742.9399999999999
2024-09-01,Mama,SIS,PROCEDIMIENTO,12822.55
2024-09-01,No oncológico (comparador),FISSAL,INSUMO,298.81
2024-09-01,No oncológico (comparador),FISSAL,MEDICAMENTO,2405.0
2024-09-01,No oncológico (comparador),FISSAL,PROCEDIMIENTO,7195.65
2024-09-01,No oncológico (comparador),SIS,INSUMO,73989.9
2024-09-01,No oncológico (comparador),SIS,MEDICAMENTO,414120.804
2024-09-01,No oncológico (comparador),SIS,PROCEDIMIENTO,233271.21
2024-09-01,Otro,FISSAL,INSUMO,47846.65
2024-09-01,Otro,FISSAL,MEDICAMENTO,92344.0599
2024-09-01,Otro,FISSAL,PROCEDIMIENTO,93991.37
2024-09-01,Otro,SIS,INSUMO,1962466.388
2024-09-01,Otro,SIS,MEDICAMENTO,1500459.1489
2024-09-01,Otro,SIS,PROCEDIMIENTO,3598713.62
2024-09-01,Próstata,FISSAL,INSUMO,71832.888
2024-09-01,Próstata,FISSAL,MEDICAMENTO,109589.164
2024-09-01,Próstata,FISSAL,PROCEDIMIENTO,255426.25
2024-09-01,Próstata,SIS,INSUMO,9.05
2024-09-01,Próstata,SIS,MEDICAMENTO,185.95999999999998
2024-09-01,Próstata,SIS,PROCEDIMIENTO,4065.65
2024-10-01,Colon,FISSAL,INSUMO,201241.691
2024-10-01,Colon,FISSAL,MEDICAMENTO,206701.9457
2024-10-01,Colon,FISSAL,PROCEDIMIENTO,329974.26
2024-10-01,Colon,SIS,INSUMO,499.392
2024-10-01,Colon,SIS,MEDICAMENTO,412.1
2024-10-01,Colon,SIS,PROCEDIMIENTO,1943.74
2024-10-01,Cuello uterino,FISSAL,INSUMO,239679.907
2024-10-01,Cuello uterino,FISSAL,MEDICAMENTO,255350.07940000002
2024-10-01,Cuello uterino,FISSAL,PROCEDIMIENTO,938960.57
2024-10-01,Cuello uterino,SIS,INSUMO,2802.411
2024-10-01,Cuello uterino,SIS,MEDICAMENTO,488.89
2024-10-01,Cuello uterino,SIS,PROCEDIMIENTO,14817.119999999999
2024-10-01,Estómago,FISSAL,INSUMO,154133.174
2024-10-01,Estómago,FISSAL,MEDICAMENTO,112454.4729
2024-10-01,Estómago,FISSAL,PROCEDIMIENTO,291443.87
2024-10-01,Estómago,SIS,INSUMO,270.9
2024-10-01,Estómago,SIS,MEDICAMENTO,211.04999999999998
2024-10-01,Estómago,SIS,PROCEDIMIENTO,765.14
2024-10-01,Leucemias,FISSAL,INSUMO,439486.93
2024-10-01,Leucemias,FISSAL,MEDICAMENTO,1151229.6502
2024-10-01,Leucemias,FISSAL,PROCEDIMIENTO,2820480.62
2024-10-01,Leucemias,SIS,INSUMO,67.02
2024-10-01,Leucemias,SIS,MEDICAMENTO,50.46
2024-10-01,Leucemias,SIS,PROCEDIMIENTO,10532.210000000001
2024-10-01,Linfomas,FISSAL,INSUMO,156501.294
2024-10-01,Linfomas,FISSAL,MEDICAMENTO,309681.8716
2024-10-01,Linfomas,FISSAL,PROCEDIMIENTO,805577.51
2024-10-01,Linfomas,SIS,MEDICAMENTO,1090.21
2024-10-01,Linfomas,SIS,PROCEDIMIENTO,3574.22
2024-10-01,Mama,FISSAL,INSUMO,374649.058
2024-10-01,Mama,FISSAL,MEDICAMENTO,515188.6738
2024-10-01,Mama,FISSAL,PROCEDIMIENTO,1544862.5
2024-10-01,Mama,SIS,INSUMO,1739.422
2024-10-01,Mama,SIS,MEDICAMENTO,689.0980000000001
2024-10-01,Mama,SIS,PROCEDIMIENTO,11008.53
2024-10-01,No oncológico (comparador),FISSAL,INSUMO,291.7
2024-10-01,No oncológico (comparador),FISSAL,MEDICAMENTO,2732.4736
2024-10-01,No oncológico (comparador),FISSAL,PROCEDIMIENTO,11271.85
2024-10-01,No oncológico (comparador),SIS,INSUMO,79568.938
2024-10-01,No oncológico (comparador),SIS,MEDICAMENTO,356622.7546
2024-10-01,No oncológico (comparador),SIS,PROCEDIMIENTO,274457.83
2024-10-01,Otro,FISSAL,INSUMO,54658.425
2024-10-01,Otro,FISSAL,MEDICAMENTO,80257.9185
2024-10-01,Otro,FISSAL,PROCEDIMIENTO,76680.3
2024-10-01,Otro,SIS,INSUMO,2098393.836
2024-10-01,Otro,SIS,MEDICAMENTO,1592983.5942
2024-10-01,Otro,SIS,PROCEDIMIENTO,3844977.67
2024-10-01,Próstata,FISSAL,INSUMO,56318.287
2024-10-01,Próstata,FISSAL,MEDICAMENTO,120660.654
2024-10-01,Próstata,FISSAL,PROCEDIMIENTO,326839.05
2024-10-01,Próstata,SIS,INSUMO,8.25
2024-10-01,Próstata,SIS,MEDICAMENTO,2.8
2024-10-01,Próstata,SIS,PROCEDIMIENTO,2130.27
2024-11-01,Colon,FISSAL,INSUMO,147830.19
2024-11-01,Colon,FISSAL,MEDICAMENTO,63009.9347
2024-11-01,Colon,FISSAL,PROCEDIMIENTO,243808.64
2024-11-01,Colon,SIS,PROCEDIMIENTO,272.69
2024-11-01,Cuello uterino,FISSAL,INSUMO,235508.338
2024-11-01,Cuello uterino,FISSAL,MEDICAMENTO,209956.37780000002
2024-11-01,Cuello uterino,FISSAL,PROCEDIMIENTO,818956.99
2024-11-01,Cuello uterino,SIS,INSUMO,553.5
2024-11-01,Cuello uterino,SIS,MEDICAMENTO,351.5
2024-11-01,Cuello uterino,SIS,PROCEDIMIENTO,18507.83
2024-11-01,Estómago,FISSAL,INSUMO,148703.68
2024-11-01,Estómago,FISSAL,MEDICAMENTO,72339.8176
2024-11-01,Estómago,FISSAL,PROCEDIMIENTO,272102.47
2024-11-01,Estómago,SIS,INSUMO,8.620000000000001
2024-11-01,Estómago,SIS,MEDICAMENTO,259.78
2024-11-01,Estómago,SIS,PROCEDIMIENTO,1887.6
2024-11-01,Leucemias,FISSAL,INSUMO,310714.36
2024-11-01,Leucemias,FISSAL,MEDICAMENTO,1172024.9637
2024-11-01,Leucemias,FISSAL,PROCEDIMIENTO,2361238.5
2024-11-01,Leucemias,SIS,PROCEDIMIENTO,6957.1
2024-11-01,Linfomas,FISSAL,INSUMO,187965.91
2024-11-01,Linfomas,FISSAL,MEDICAMENTO,331724.9174
2024-11-01,Linfomas,FISSAL,PROCEDIMIENTO,814128.81
2024-11-01,Linfomas,SIS,INSUMO,583.81
2024-11-01,Linfomas,SIS,MEDICAMENTO,1523.08
2024-11-01,Linfomas,SIS,PROCEDIMIENTO,4835.27
2024-11-01,Mama,FISSAL,INSUMO,415281.81
2024-11-01,Mama,FISSAL,MEDICAMENTO,485191.38690000004
2024-11-01,Mama,FISSAL,PROCEDIMIENTO,1391991.26
2024-11-01,Mama,SIS,INSUMO,2962.4700000000003
2024-11-01,Mama,SIS,MEDICAMENTO,288.5
2024-11-01,Mama,SIS,PROCEDIMIENTO,9991.92
2024-11-01,No oncológico (comparador),FISSAL,INSUMO,3761.0299999999997
2024-11-01,No oncológico (comparador),FISSAL,MEDICAMENTO,10099.619999999999
2024-11-01,No oncológico (comparador),FISSAL,PROCEDIMIENTO,13851.69
2024-11-01,No oncológico (comparador),SIS,INSUMO,106385.41
2024-11-01,No oncológico (comparador),SIS,MEDICAMENTO,208269.1474
2024-11-01,No oncológico (comparador),SIS,PROCEDIMIENTO,260287.18
2024-11-01,Otro,FISSAL,INSUMO,30333.81
2024-11-01,Otro,FISSAL,MEDICAMENTO,68275.353
2024-11-01,Otro,FISSAL,PROCEDIMIENTO,78403.35
2024-11-01,Otro,SIS,INSUMO,2055328.174
2024-11-01,Otro,SIS,MEDICAMENTO,1550770.6592
2024-11-01,Otro,SIS,PROCEDIMIENTO,3671749.36
2024-11-01,Próstata,FISSAL,INSUMO,71993.53
2024-11-01,Próstata,FISSAL,MEDICAMENTO,90805.6464
2024-11-01,Próstata,FISSAL,PROCEDIMIENTO,281376.94
2024-11-01,Próstata,SIS,INSUMO,10.05
2024-11-01,Próstata,SIS,MEDICAMENTO,583.79
2024-11-01,Próstata,SIS,PROCEDIMIENTO,2027.45
2024-12-01,Colon,FISSAL,INSUMO,153879.43
2024-12-01,Colon,FISSAL,MEDICAMENTO,106548.66709999999
2024-12-01,Colon,FISSAL,PROCEDIMIENTO,322927.62
2024-12-01,Colon,SIS,INSUMO,131.51
2024-12-01,Colon,SIS,MEDICAMENTO,202.92000000000002
2024-12-01,Colon,SIS,PROCEDIMIENTO,3856.7599999999998
2024-12-01,Cuello uterino,FISSAL,INSUMO,169054.05
2024-12-01,Cuello uterino,FISSAL,MEDICAMENTO,192802.1357
2024-12-01,Cuello uterino,FISSAL,PROCEDIMIENTO,798943.08
2024-12-01,Cuello uterino,SIS,INSUMO,406.43
2024-12-01,Cuello uterino,SIS,MEDICAMENTO,181.94
2024-12-01,Cuello uterino,SIS,PROCEDIMIENTO,12545.84
2024-12-01,Estómago,FISSAL,INSUMO,129154.72
2024-12-01,Estómago,FISSAL,MEDICAMENTO,101427.4507
2024-12-01,Estómago,FISSAL,PROCEDIMIENTO,297774.75
2024-12-01,Estómago,SIS,INSUMO,13.17
2024-12-01,Estómago,SIS,MEDICAMENTO,180.48
2024-12-01,Estómago,SIS,PROCEDIMIENTO,933.29
2024-12-01,Leucemias,FISSAL,INSUMO,475768.21
2024-12-01,Leucemias,FISSAL,MEDICAMENTO,1157353.3747
2024-12-01,Leucemias,FISSAL,PROCEDIMIENTO,2880311.31
2024-12-01,Leucemias,SIS,INSUMO,156.39
2024-12-01,Leucemias,SIS,MEDICAMENTO,31.75
2024-12-01,Leucemias,SIS,PROCEDIMIENTO,17152.76
2024-12-01,Linfomas,FISSAL,INSUMO,199479.92
2024-12-01,Linfomas,FISSAL,MEDICAMENTO,299524.9493
2024-12-01,Linfomas,FISSAL,PROCEDIMIENTO,709631.93
2024-12-01,Linfomas,SIS,INSUMO,3763.06
2024-12-01,Linfomas,SIS,MEDICAMENTO,1537.28
2024-12-01,Linfomas,SIS,PROCEDIMIENTO,23583.7
2024-12-01,Mama,FISSAL,INSUMO,377005.89
2024-12-01,Mama,FISSAL,MEDICAMENTO,419735.3284
2024-12-01,Mama,FISSAL,PROCEDIMIENTO,1404228.61
2024-12-01,Mama,SIS,INSUMO,3705.95
2024-12-01,Mama,SIS,MEDICAMENTO,321.764
2024-12-01,Mama,SIS,PROCEDIMIENTO,13788.98
2024-12-01,No oncológico (comparador),FISSAL,INSUMO,571.3
2024-12-01,No oncológico (comparador),FISSAL,MEDICAMENTO,4348.72
2024-12-01,No oncológico (comparador),FISSAL,PROCEDIMIENTO,7846.99
2024-12-01,No oncológico (comparador),SIS,INSUMO,65256.15
2024-12-01,No oncológico (comparador),SIS,MEDICAMENTO,195721.3632
2024-12-01,No oncológico (comparador),SIS,PROCEDIMIENTO,258487.32
2024-12-01,Otro,FISSAL,INSUMO,52411.03
2024-12-01,Otro,FISSAL,MEDICAMENTO,71541.072
2024-12-01,Otro,FISSAL,PROCEDIMIENTO,72341.78
2024-12-01,Otro,SIS,INSUMO,2086722.397
2024-12-01,Otro,SIS,MEDICAMENTO,1496206.4339
2024-12-01,Otro,SIS,PROCEDIMIENTO,3734634.52
2024-12-01,Próstata,FISSAL,INSUMO,103673.37
2024-12-01,Próstata,FISSAL,MEDICAMENTO,94964.4071
2024-12-01,Próstata,FISSAL,PROCEDIMIENTO,293567.94
2024-12-01,Próstata,SIS,INSUMO,28.02
2024-12-01,Próstata,SIS,MEDICAMENTO,25.5
2024-12-01,Próstata,SIS,PROCEDIMIENTO,3637.6200000000003
2025-01-01,Colon,FISSAL,INSUMO,195839.83000000002
2025-01-01,Colon,FISSAL,MEDICAMENTO,85911.9377
2025-01-01,Colon,FISSAL,PROCEDIMIENTO,304429.77
2025-01-01,Colon,SIS,INSUMO,219.06
2025-01-01,Colon,SIS,MEDICAMENTO,35.384600000000006
2025-01-01,Colon,SIS,PROCEDIMIENTO,1814.3799999999999
2025-01-01,Cuello uterino,FISSAL,INSUMO,238171.82
2025-01-01,Cuello uterino,FISSAL,MEDICAMENTO,233064.6391
2025-01-01,Cuello uterino,FISSAL,PROCEDIMIENTO,893350.28
2025-01-01,Cuello uterino,SIS,INSUMO,1933.6200000000001
2025-01-01,Cuello uterino,SIS,MEDICAMENTO,524.516
2025-01-01,Cuello uterino,SIS,PROCEDIMIENTO,10502.59
2025-01-01,Estómago,FISSAL,INSUMO,194177.75
2025-01-01,Estómago,FISSAL,MEDICAMENTO,156379.3631
2025-01-01,Estómago,FISSAL,PROCEDIMIENTO,383615.88
2025-01-01,Estómago,SIS,INSUMO,983.21
2025-01-01,Estómago,SIS,MEDICAMENTO,470.2295
2025-01-01,Estómago,SIS,PROCEDIMIENTO,4166.54
2025-01-01,Leucemias,FISSAL,INSUMO,554325.53
2025-01-01,Leucemias,FISSAL,MEDICAMENTO,815128.5706
2025-01-01,Leucemias,FISSAL,PROCEDIMIENTO,2129552.41
2025-01-01,Leucemias,SIS,INSUMO,6111.74
2025-01-01,Leucemias,SIS,MEDICAMENTO,23678.9553
2025-01-01,Leucemias,SIS,PROCEDIMIENTO,66239.06
2025-01-01,Linfomas,FISSAL,INSUMO,170846.1
2025-01-01,Linfomas,FISSAL,MEDICAMENTO,311623.0143
2025-01-01,Linfomas,FISSAL,PROCEDIMIENTO,719146.95
2025-01-01,Linfomas,SIS,INSUMO,11.280000000000001
2025-01-01,Linfomas,SIS,MEDICAMENTO,171.01999999999998
2025-01-01,Linfomas,SIS,PROCEDIMIENTO,10140.76
2025-01-01,Mama,FISSAL,INSUMO,368507.37
2025-01-01,Mama,FISSAL,MEDICAMENTO,470865.5586
2025-01-01,Mama,FISSAL,PROCEDIMIENTO,1476953.8800000001
2025-01-01,Mama,SIS,INSUMO,890.3
2025-01-01,Mama,SIS,MEDICAMENTO,116.5
2025-01-01,Mama,SIS,PROCEDIMIENTO,15966.279999999999
2025-01-01,No oncológico (comparador),FISSAL,INSUMO,6092.33
2025-01-01,No oncológico (comparador),FISSAL,MEDICAMENTO,1784.834
2025-01-01,No oncológico (comparador),FISSAL,PROCEDIMIENTO,9667.56
2025-01-01,No oncológico (comparador),SIS,INSUMO,61371.23
2025-01-01,No oncológico (comparador),SIS,MEDICAMENTO,183608.222
2025-01-01,No oncológico (comparador),SIS,PROCEDIMIENTO,205616.85
2025-01-01,Otro,FISSAL,INSUMO,45396.52
2025-01-01,Otro,FISSAL,MEDICAMENTO,91561.0499
2025-01-01,Otro,FISSAL,PROCEDIMIENTO,85319.59
2025-01-01,Otro,SIS,INSUMO,1910135.311
2025-01-01,Otro,SIS,MEDICAMENTO,1504526.4344
2025-01-01,Otro,SIS,PROCEDIMIENTO,3924841.39
2025-01-01,Próstata,FISSAL,INSUMO,104266.58
2025-01-01,Próstata,FISSAL,MEDICAMENTO,95769.7021
2025-01-01,Próstata,FISSAL,PROCEDIMIENTO,287354.79
2025-01-01,Próstata,SIS,INSUMO,149.39
2025-01-01,Próstata,SIS,MEDICAMENTO,688.4999999999999
2025-01-01,Próstata,SIS,PROCEDIMIENTO,6979.05
2025-02-01,Colon,FISSAL,INSUMO,209055.07
2025-02-01,Colon,FISSAL,MEDICAMENTO,77944.1585
2025-02-01,Colon,FISSAL,PROCEDIMIENTO,297354.09
2025-02-01,Colon,SIS,INSUMO,31.17
2025-02-01,Colon,SIS,MEDICAMENTO,142.38
2025-02-01,Colon,SIS,PROCEDIMIENTO,2049.04
2025-02-01,Cuello uterino,FISSAL,INSUMO,244823.73
2025-02-01,Cuello uterino,FISSAL,MEDICAMENTO,217029.1221
2025-02-01,Cuello uterino,FISSAL,PROCEDIMIENTO,898797.15
2025-02-01,Cuello uterino,SIS,INSUMO,2459.3
2025-02-01,Cuello uterino,SIS,MEDICAMENTO,740.16
2025-02-01,Cuello uterino,SIS,PROCEDIMIENTO,15637.45
2025-02-01,Estómago,FISSAL,INSUMO,141140.77
2025-02-01,Estómago,FISSAL,MEDICAMENTO,138138.4083
2025-02-01,Estómago,FISSAL,PROCEDIMIENTO,331151.95
2025-02-01,Estómago,SIS,INSUMO,369.23
2025-02-01,Estómago,SIS,MEDICAMENTO,200.9448
2025-02-01,Estómago,SIS,PROCEDIMIENTO,1275.02
2025-02-01,Leucemias,FISSAL,INSUMO,418472.88
2025-02-01,Leucemias,FISSAL,MEDICAMENTO,996651.9613
2025-02-01,Leucemias,FISSAL,PROCEDIMIENTO,2470320.78
2025-02-01,Leucemias,SIS,INSUMO,1712.27
2025-02-01,Leucemias,SIS,MEDICAMENTO,792.51
2025-02-01,Leucemias,SIS,PROCEDIMIENTO,35158.689999999995
2025-02-01,Linfomas,FISSAL,INSUMO,237630.54
2025-02-01,Linfomas,FISSAL,MEDICAMENTO,375627.2265
2025-02-01,Linfomas,FISSAL,PROCEDIMIENTO,760241.73
2025-02-01,Linfomas,SIS,INSUMO,1040.35
2025-02-01,Linfomas,SIS,MEDICAMENTO,80.39
2025-02-01,Linfomas,SIS,PROCEDIMIENTO,9814.39
2025-02-01,Mama,FISSAL,INSUMO,384031.14
2025-02-01,Mama,FISSAL,MEDICAMENTO,488178.3877
2025-02-01,Mama,FISSAL,PROCEDIMIENTO,1356274.66
2025-02-01,Mama,SIS,INSUMO,1233.37
2025-02-01,Mama,SIS,MEDICAMENTO,89.616
2025-02-01,Mama,SIS,PROCEDIMIENTO,10453.859999999999
2025-02-01,No oncológico (comparador),FISSAL,INSUMO,463.84000000000003
2025-02-01,No oncológico (comparador),FISSAL,MEDICAMENTO,2412.5
2025-02-01,No oncológico (comparador),FISSAL,PROCEDIMIENTO,7782.58
2025-02-01,No oncológico (comparador),SIS,INSUMO,45394.86
2025-02-01,No oncológico (comparador),SIS,MEDICAMENTO,144646.1539
2025-02-01,No oncológico (comparador),SIS,PROCEDIMIENTO,163253.62
2025-02-01,Otro,FISSAL,INSUMO,39260.12
2025-02-01,Otro,FISSAL,MEDICAMENTO,125160.39
2025-02-01,Otro,FISSAL,PROCEDIMIENTO,78664.19
2025-02-01,Otro,SIS,INSUMO,2100745.893
2025-02-01,Otro,SIS,MEDICAMENTO,1639223.2485
2025-02-01,Otro,SIS,PROCEDIMIENTO,3918010.39
2025-02-01,Próstata,FISSAL,INSUMO,104924.93000000001
2025-02-01,Próstata,FISSAL,MEDICAMENTO,116350.9536
2025-02-01,Próstata,FISSAL,PROCEDIMIENTO,301793.61
2025-02-01,Próstata,SIS,INSUMO,856.0699999999999
2025-02-01,Próstata,SIS,MEDICAMENTO,1301.97
2025-02-01,Próstata,SIS,PROCEDIMIENTO,9142.55
2025-03-01,Colon,FISSAL,INSUMO,140513.0
2025-03-01,Colon,FISSAL,MEDICAMENTO,71244.4574
2025-03-01,Colon,FISSAL,PROCEDIMIENTO,263870.58
2025-03-01,Colon,SIS,INSUMO,108.09
2025-03-01,Colon,SIS,MEDICAMENTO,102.63
2025-03-01,Colon,SIS,PROCEDIMIENTO,1147.97
2025-03-01,Cuello uterino,FISSAL,INSUMO,198629.63999999998
2025-03-01,Cuello uterino,FISSAL,MEDICAMENTO,225061.1245
2025-03-01,Cuello uterino,FISSAL,PROCEDIMIENTO,847237.74
2025-03-01,Cuello uterino,SIS,INSUMO,498.09
2025-03-01,Cuello uterino,SIS,MEDICAMENTO,149.45000000000002
2025-03-01,Cuello uterino,SIS,PROCEDIMIENTO,12069.16
2025-03-01,Estómago,FISSAL,INSUMO,241021.55
2025-03-01,Estómago,FISSAL,MEDICAMENTO,102567.5708
2025-03-01,Estómago,FISSAL,PROCEDIMIENTO,367355.48
2025-03-01,Estómago,SIS,INSUMO,389.84
2025-03-01,Estómago,SIS,MEDICAMENTO,498.76
2025-03-01,Estómago,SIS,PROCEDIMIENTO,830.79
2025-03-01,Leucemias,FISSAL,INSUMO,579011.44
2025-03-01,Leucemias,FISSAL,MEDICAMENTO,1422395.7325
2025-03-01,Leucemias,FISSAL,PROCEDIMIENTO,2701862.31
2025-03-01,Leucemias,SIS,PROCEDIMIENTO,4724.0599999999995
2025-03-01,Linfomas,FISSAL,INSUMO,210394.38
2025-03-01,Linfomas,FISSAL,MEDICAMENTO,361136.6739
2025-03-01,Linfomas,FISSAL,PROCEDIMIENTO,881030.72
2025-03-01,Linfomas,SIS,INSUMO,3684.0499999999997
2025-03-01,Linfomas,SIS,MEDICAMENTO,25564.86
2025-03-01,Linfomas,SIS,PROCEDIMIENTO,11191.67
2025-03-01,Mama,FISSAL,INSUMO,354221.72
2025-03-01,Mama,FISSAL,MEDICAMENTO,447458.4681
2025-03-01,Mama,FISSAL,PROCEDIMIENTO,1441817.58
2025-03-01,Mama,SIS,INSUMO,448.94
2025-03-01,Mama,SIS,MEDICAMENTO,122.42
2025-03-01,Mama,SIS,PROCEDIMIENTO,7553.97
2025-03-01,No oncológico (comparador),FISSAL,INSUMO,2369.21
2025-03-01,No oncológico (comparador),FISSAL,MEDICAMENTO,3586.5280000000002
2025-03-01,No oncológico (comparador),FISSAL,PROCEDIMIENTO,13097.48
2025-03-01,No oncológico (comparador),SIS,INSUMO,30907.99
2025-03-01,No oncológico (comparador),SIS,MEDICAMENTO,182699.0294
2025-03-01,No oncológico (comparador),SIS,PROCEDIMIENTO,144389.15
2025-03-01,Otro,FISSAL,INSUMO,39684.72
2025-03-01,Otro,FISSAL,MEDICAMENTO,107509.703
2025-03-01,Otro,FISSAL,PROCEDIMIENTO,95444.51
2025-03-01,Otro,SIS,INSUMO,2084979.936
2025-03-01,Otro,SIS,MEDICAMENTO,1663759.2874
2025-03-01,Otro,SIS,PROCEDIMIENTO,4144657.62
2025-03-01,Próstata,FISSAL,INSUMO,91320.51
2025-03-01,Próstata,FISSAL,MEDICAMENTO,83564.4421
2025-03-01,Próstata,FISSAL,PROCEDIMIENTO,307054.06
2025-03-01,Próstata,SIS,INSUMO,7.470000000000001
2025-03-01,Próstata,SIS,MEDICAMENTO,4.32
2025-03-01,Próstata,SIS,PROCEDIMIENTO,1182.1399999999999
2025-04-01,Colon,FISSAL,INSUMO,222271.65
2025-04-01,Colon,FISSAL,MEDICAMENTO,105039.9339
2025-04-01,Colon,FISSAL,PROCEDIMIENTO,394336.24
2025-04-01,Colon,SIS,INSUMO,315.76
2025-04-01,Colon,SIS,MEDICAMENTO,221.28
2025-04-01,Colon,SIS,PROCEDIMIENTO,3513.79
2025-04-01,Cuello uterino,FISSAL,INSUMO,220896.75
2025-04-01,Cuello uterino,FISSAL,MEDICAMENTO,231585.6718
2025-04-01,Cuello uterino,FISSAL,PROCEDIMIENTO,844365.74
2025-04-01,Cuello uterino,SIS,INSUMO,182.14
2025-04-01,Cuello uterino,SIS,MEDICAMENTO,26.54
2025-04-01,Cuello uterino,SIS,PROCEDIMIENTO,10237.41
2025-04-01,Estómago,FISSAL,INSUMO,166635.4
2025-04-01,Estómago,FISSAL,MEDICAMENTO,74893.543
2025-04-01,Estómago,FISSAL,PROCEDIMIENTO,298744.95
2025-04-01,Estómago,SIS,INSUMO,2081.65
2025-04-01,Estómago,SIS,MEDICAMENTO,434.9025
2025-04-01,Estómago,SIS,PROCEDIMIENTO,2569.82
2025-04-01,Leucemias,FISSAL,INSUMO,551029.01
2025-04-01,Leucemias,FISSAL,MEDICAMENTO,912873.8528999999
2025-04-01,Leucemias,FISSAL,PROCEDIMIENTO,2233244.19
2025-04-01,Leucemias,SIS,INSUMO,52.519999999999996
2025-04-01,Leucemias,SIS,MEDICAMENTO,10.34
2025-04-01,Leucemias,SIS,PROCEDIMIENTO,2628.38
2025-04-01,Linfomas,FISSAL,INSUMO,188668.63
2025-04-01,Linfomas,FISSAL,MEDICAMENTO,397815.1039
2025-04-01,Linfomas,FISSAL,PROCEDIMIENTO,840059.32
2025-04-01,Linfomas,SIS,INSUMO,180.77
2025-04-01,Linfomas,SIS,MEDICAMENTO,306.7
2025-04-01,Linfomas,SIS,PROCEDIMIENTO,4881.04
2025-04-01,Mama,FISSAL,INSUMO,365876.9
2025-04-01,Mama,FISSAL,MEDICAMENTO,431849.2572
2025-04-01,Mama,FISSAL,PROCEDIMIENTO,1518142.19
2025-04-01,Mama,SIS,INSUMO,701.16
2025-04-01,Mama,SIS,MEDICAMENTO,101.288
2025-04-01,Mama,SIS,PROCEDIMIENTO,3982.56
2025-04-01,No oncológico (comparador),FISSAL,INSUMO,212.5
2025-04-01,No oncológico (comparador),FISSAL,MEDICAMENTO,3953.36
2025-04-01,No oncológico (comparador),FISSAL,PROCEDIMIENTO,14168.89
2025-04-01,No oncológico (comparador),SIS,INSUMO,68284.09
2025-04-01,No oncológico (comparador),SIS,MEDICAMENTO,95987.4421
2025-04-01,No oncológico (comparador),SIS,PROCEDIMIENTO,157113.33
2025-04-01,Otro,FISSAL,INSUMO,23770.25
2025-04-01,Otro,FISSAL,MEDICAMENTO,112017.785
2025-04-01,Otro,FISSAL,PROCEDIMIENTO,75542.98999999999
2025-04-01,Otro,SIS,INSUMO,2096658.546
2025-04-01,Otro,SIS,MEDICAMENTO,1657068.7973
2025-04-01,Otro,SIS,PROCEDIMIENTO,4069613.02
2025-04-01,Próstata,FISSAL,INSUMO,81309.97
2025-04-01,Próstata,FISSAL,MEDICAMENTO,92680.4284
2025-04-01,Próstata,FISSAL,PROCEDIMIENTO,262605.73
2025-04-01,Próstata,SIS,MEDICAMENTO,406.9
2025-04-01,Próstata,SIS,PROCEDIMIENTO,573.6800000000001
2025-05-01,Colon,FISSAL,INSUMO,232605.73
2025-05-01,Colon,FISSAL,MEDICAMENTO,74323.633
2025-05-01,Colon,FISSAL,PROCEDIMIENTO,339832.41
2025-05-01,Colon,SIS,PROCEDIMIENTO,558.1800000000001
2025-05-01,Cuello uterino,FISSAL,INSUMO,231458.11
2025-05-01,Cuello uterino,FISSAL,MEDICAMENTO,241716.3548
2025-05-01,Cuello uterino,FISSAL,PROCEDIMIENTO,868018.43
2025-05-01,Cuello uterino,SIS,INSUMO,35.26
2025-05-01,Cuello uterino,SIS,MEDICAMENTO,422.13
2025-05-01,Cuello uterino,SIS,PROCEDIMIENTO,2983.85
2025-05-01,Estómago,FISSAL,INSUMO,208297.39
2025-05-01,Estómago,FISSAL,MEDICAMENTO,118879.154
2025-05-01,Estómago,FISSAL,PROCEDIMIENTO,378385.27
2025-05-01,Estómago,SIS,INSUMO,5.59
2025-05-01,Estómago,SIS,MEDICAMENTO,82.74
2025-05-01,Estómago,SIS,PROCEDIMIENTO,1316.45
2025-05-01,Leucemias,FISSAL,INSUMO,713314.14
2025-05-01,Leucemias,FISSAL,MEDICAMENTO,1518322.6162
2025-05-01,Leucemias,FISSAL,PROCEDIMIENTO,3158322.73
2025-05-01,Leucemias,SIS,PROCEDIMIENTO,12752.26
2025-05-01,Linfomas,FISSAL,INSUMO,199005.6
2025-05-01,Linfomas,FISSAL,MEDICAMENTO,299562.7731
2025-05-01,Linfomas,FISSAL,PROCEDIMIENTO,765637.22
2025-05-01,Linfomas,SIS,INSUMO,684.54
2025-05-01,Linfomas,SIS,MEDICAMENTO,1131.74
2025-05-01,Linfomas,SIS,PROCEDIMIENTO,5560.61
2025-05-01,Mama,FISSAL,INSUMO,498759.46
2025-05-01,Mama,FISSAL,MEDICAMENTO,469627.3934
2025-05-01,Mama,FISSAL,PROCEDIMIENTO,1749558.75
2025-05-01,Mama,SIS,INSUMO,11.43
2025-05-01,Mama,SIS,MEDICAMENTO,90.16
2025-05-01,Mama,SIS,PROCEDIMIENTO,2067.37
2025-05-01,No oncológico (comparador),FISSAL,INSUMO,402.35
2025-05-01,No oncológico (comparador),FISSAL,MEDICAMENTO,5016.836
2025-05-01,No oncológico (comparador),FISSAL,PROCEDIMIENTO,11322.41
2025-05-01,No oncológico (comparador),SIS,INSUMO,36274.61
2025-05-01,No oncológico (comparador),SIS,MEDICAMENTO,97811.3642
2025-05-01,No oncológico (comparador),SIS,PROCEDIMIENTO,147149.92
2025-05-01,Otro,FISSAL,INSUMO,36716.38
2025-05-01,Otro,FISSAL,MEDICAMENTO,72651.151
2025-05-01,Otro,FISSAL,PROCEDIMIENTO,77842.06999999999
2025-05-01,Otro,SIS,INSUMO,2675842.015
2025-05-01,Otro,SIS,MEDICAMENTO,1599189.5852
2025-05-01,Otro,SIS,PROCEDIMIENTO,4460248.36
2025-05-01,Próstata,FISSAL,INSUMO,90409.02
2025-05-01,Próstata,FISSAL,MEDICAMENTO,94216.1972
2025-05-01,Próstata,FISSAL,PROCEDIMIENTO,264471.63
2025-05-01,Próstata,SIS,MEDICAMENTO,16.8
2025-05-01,Próstata,SIS,PROCEDIMIENTO,1327.99
2025-06-01,Colon,FISSAL,INSUMO,152810.83
2025-06-01,Colon,FISSAL,MEDICAMENTO,71864.6912
2025-06-01,Colon,FISSAL,PROCEDIMIENTO,283814.56
2025-06-01,Colon,SIS,INSUMO,5.59
2025-06-01,Colon,SIS,MEDICAMENTO,82.74
2025-06-01,Colon,SIS,PROCEDIMIENTO,1081.46
2025-06-01,Cuello uterino,FISSAL,INSUMO,301707.9
2025-06-01,Cuello uterino,FISSAL,MEDICAMENTO,260555.9558
2025-06-01,Cuello uterino,FISSAL,PROCEDIMIENTO,883033.1799999999
2025-06-01,Cuello uterino,SIS,INSUMO,228.11
2025-06-01,Cuello uterino,SIS,MEDICAMENTO,2.54
2025-06-01,Cuello uterino,SIS,PROCEDIMIENTO,4182.8
2025-06-01,Estómago,FISSAL,INSUMO,249155.49
2025-06-01,Estómago,FISSAL,MEDICAMENTO,150317.1177
2025-06-01,Estómago,FISSAL,PROCEDIMIENTO,407426.11
2025-06-01,Estómago,SIS,INSUMO,122.08
2025-06-01,Estómago,SIS,MEDICAMENTO,291.71999999999997
2025-06-01,Estómago,SIS,PROCEDIMIENTO,2213.22
2025-06-01,Leucemias,FISSAL,INSUMO,541071.04
2025-06-01,Leucemias,FISSAL,MEDICAMENTO,1450096.9332
2025-06-01,Leucemias,FISSAL,PROCEDIMIENTO,2800211.43
2025-06-01,Leucemias,SIS,INSUMO,54.559999999999995
2025-06-01,Leucemias,SIS,PROCEDIMIENTO,278.15999999999997
2025-06-01,Linfomas,FISSAL,INSUMO,171636.87
2025-06-01,Linfomas,FISSAL,MEDICAMENTO,302353.1825
2025-06-01,Linfomas,FISSAL,PROCEDIMIENTO,733823.03
2025-06-01,Linfomas,SIS,INSUMO,132.76999999999998
2025-06-01,Linfomas,SIS,MEDICAMENTO,1146.22
2025-06-01,Linfomas,SIS,PROCEDIMIENTO,1382.6399999999999
2025-06-01,Mama,FISSAL,INSUMO,370769.69
2025-06-01,Mama,FISSAL,MEDICAMENTO,474221.9489
2025-06-01,Mama,FISSAL,PROCEDIMIENTO,1643804.92
2025-06-01,Mama,SIS,INSUMO,100.12
2025-06-01,Mama,SIS,MEDICAMENTO,17.560000000000002
2025-06-01,Mama,SIS,PROCEDIMIENTO,3920.02
2025-06-01,No oncológico (comparador),FISSAL,INSUMO,573.35
2025-06-01,No oncológico (comparador),FISSAL,MEDICAMENTO,7453.9765
2025-06-01,No oncológico (comparador),FISSAL,PROCEDIMIENTO,15108.22
2025-06-01,No oncológico (comparador),SIS,INSUMO,36932.44
2025-06-01,No oncológico (comparador),SIS,MEDICAMENTO,101362.7563
2025-06-01,No oncológico (comparador),SIS,PROCEDIMIENTO,233710.26
2025-06-01,Otro,FISSAL,INSUMO,38267.43
2025-06-01,Otro,FISSAL,MEDICAMENTO,119184.4626
2025-06-01,Otro,FISSAL,PROCEDIMIENTO,125825.45
2025-06-01,Otro,SIS,INSUMO,2148277.75
2025-06-01,Otro,SIS,MEDICAMENTO,1542023.2767
2025-06-01,Otro,SIS,PROCEDIMIENTO,4150998.0
2025-06-01,Próstata,FISSAL,INSUMO,103640.75
2025-06-01,Próstata,FISSAL,MEDICAMENTO,89783.897
2025-06-01,Próstata,FISSAL,PROCEDIMIENTO,314116.15
2025-06-01,Próstata,SIS,INSUMO,74.95
2025-06-01,Próstata,SIS,MEDICAMENTO,387.04
2025-06-01,Próstata,SIS,PROCEDIMIENTO,762.3299999999999
2025-07-01,Colon,FISSAL,INSUMO,249763.05
2025-07-01,Colon,FISSAL,MEDICAMENTO,91610.8253
2025-07-01,Colon,FISSAL,PROCEDIMIENTO,322135.24
2025-07-01,Colon,SIS,INSUMO,0.31
2025-07-01,Colon,SIS,PROCEDIMIENTO,714.39
2025-07-01,Cuello uterino,FISSAL,INSUMO,251139.86000000002
2025-07-01,Cuello uterino,FISSAL,MEDICAMENTO,226294.2551
2025-07-01,Cuello uterino,FISSAL,PROCEDIMIENTO,816585.3200000001
2025-07-01,Cuello uterino,SIS,INSUMO,204.29
2025-07-01,Cuello uterino,SIS,MEDICAMENTO,34.94
2025-07-01,Cuello uterino,SIS,PROCEDIMIENTO,5292.39
2025-07-01,Estómago,FISSAL,INSUMO,170076.94999999998
2025-07-01,Estómago,FISSAL,MEDICAMENTO,80009.7438
2025-07-01,Estómago,FISSAL,PROCEDIMIENTO,292020.61
2025-07-01,Estómago,SIS,PROCEDIMIENTO,154.42
2025-07-01,Leucemias,FISSAL,INSUMO,587424.91
2025-07-01,Leucemias,FISSAL,MEDICAMENTO,1206128.6663
2025-07-01,Leucemias,FISSAL,PROCEDIMIENTO,2369048.92
2025-07-01,Leucemias,SIS,PROCEDIMIENTO,913.6700000000001
2025-07-01,Linfomas,FISSAL,INSUMO,256300.75
2025-07-01,Linfomas,FISSAL,MEDICAMENTO,317385.4944
2025-07-01,Linfomas,FISSAL,PROCEDIMIENTO,864535.24
2025-07-01,Linfomas,SIS,INSUMO,125.24000000000001
2025-07-01,Linfomas,SIS,MEDICAMENTO,1.44
2025-07-01,Linfomas,SIS,PROCEDIMIENTO,228.17999999999998
2025-07-01,Mama,FISSAL,INSUMO,389794.61
2025-07-01,Mama,FISSAL,MEDICAMENTO,489662.56309999997
2025-07-01,Mama,FISSAL,PROCEDIMIENTO,1627231.78
2025-07-01,Mama,SIS,INSUMO,509.05
2025-07-01,Mama,SIS,MEDICAMENTO,42.44
2025-07-01,Mama,SIS,PROCEDIMIENTO,5240.03
2025-07-01,No oncológico (comparador),FISSAL,INSUMO,222.64999999999998
2025-07-01,No oncológico (comparador),FISSAL,MEDICAMENTO,1927.18
2025-07-01,No oncológico (comparador),FISSAL,PROCEDIMIENTO,13141.78
2025-07-01,No oncológico (comparador),SIS,INSUMO,30233.59
2025-07-01,No oncológico (comparador),SIS,MEDICAMENTO,105436.4252
2025-07-01,No oncológico (comparador),SIS,PROCEDIMIENTO,164842.37
2025-07-01,Otro,FISSAL,INSUMO,62483.86
2025-07-01,Otro,FISSAL,MEDICAMENTO,186016.64370000002
2025-07-01,Otro,FISSAL,PROCEDIMIENTO,103078.05
2025-07-01,Otro,SIS,INSUMO,2130407.94
2025-07-01,Otro,SIS,MEDICAMENTO,1385285.927
2025-07-01,Otro,SIS,PROCEDIMIENTO,3859872.7600000002
2025-07-01,Próstata,FISSAL,INSUMO,81206.7
2025-07-01,Próstata,FISSAL,MEDICAMENTO,104117.2346
2025-07-01,Próstata,FISSAL,PROCEDIMIENTO,343059.71
2025-07-01,Próstata,SIS,INSUMO,0.43
2025-07-01,Próstata,SIS,MEDICAMENTO,5.96
2025-07-01,Próstata,SIS,PROCEDIMIENTO,2053.37
2025-08-01,Colon,FISSAL,INSUMO,182287.6
2025-08-01,Colon,FISSAL,MEDICAMENTO,73676.0021
2025-08-01,Colon,FISSAL,PROCEDIMIENTO,295204.46
2025-08-01,Colon,SIS,INSUMO,93.82000000000001
2025-08-01,Colon,SIS,MEDICAMENTO,27.78
2025-08-01,Colon,SIS,PROCEDIMIENTO,721.4300000000001
2025-08-01,Cuello uterino,FISSAL,INSUMO,235420.658
2025-08-01,Cuello uterino,FISSAL,MEDICAMENTO,209308.7444
2025-08-01,Cuello uterino,FISSAL,PROCEDIMIENTO,784013.51
2025-08-01,Cuello uterino,SIS,INSUMO,1909.59
2025-08-01,Cuello uterino,SIS,MEDICAMENTO,1462.1309999999999
2025-08-01,Cuello uterino,SIS,PROCEDIMIENTO,9188.109999999999
2025-08-01,Estómago,FISSAL,INSUMO,200000.96
2025-08-01,Estómago,FISSAL,MEDICAMENTO,111342.2328
2025-08-01,Estómago,FISSAL,PROCEDIMIENTO,341370.18
2025-08-01,Estómago,SIS,INSUMO,220.88
2025-08-01,Estómago,SIS,MEDICAMENTO,133.59
2025-08-01,Estómago,SIS,PROCEDIMIENTO,1078.01
2025-08-01,Leucemias,FISSAL,INSUMO,563281.35
2025-08-01,Leucemias,FISSAL,MEDICAMENTO,959491.3685
2025-08-01,Leucemias,FISSAL,PROCEDIMIENTO,2039359.8
2025-08-01,Leucemias,SIS,PROCEDIMIENTO,1190.69
2025-08-01,Linfomas,FISSAL,INSUMO,191686.76
2025-08-01,Linfomas,FISSAL,MEDICAMENTO,261022.3216
2025-08-01,Linfomas,FISSAL,PROCEDIMIENTO,679494.76
2025-08-01,Linfomas,SIS,INSUMO,221.85999999999999
2025-08-01,Linfomas,SIS,MEDICAMENTO,39.7
2025-08-01,Linfomas,SIS,PROCEDIMIENTO,73.38
2025-08-01,Mama,FISSAL,INSUMO,365814.1
2025-08-01,Mama,FISSAL,MEDICAMENTO,452023.948
2025-08-01,Mama,FISSAL,PROCEDIMIENTO,1462605.81
2025-08-01,Mama,SIS,INSUMO,301.81
2025-08-01,Mama,SIS,MEDICAMENTO,8.5
2025-08-01,Mama,SIS,PROCEDIMIENTO,5154.83
2025-08-01,No oncológico (comparador),FISSAL,INSUMO,292.67
2025-08-01,No oncológico (comparador),FISSAL,MEDICAMENTO,2049.67
2025-08-01,No oncológico (comparador),FISSAL,PROCEDIMIENTO,12386.85
2025-08-01,No oncológico (comparador),SIS,INSUMO,20786.915
2025-08-01,No oncológico (comparador),SIS,MEDICAMENTO,48207.3043
2025-08-01,No oncológico (comparador),SIS,PROCEDIMIENTO,158727.74
2025-08-01,Otro,FISSAL,INSUMO,17193.11
2025-08-01,Otro,FISSAL,MEDICAMENTO,164961.4956
2025-08-01,Otro,FISSAL,PROCEDIMIENTO,80388.74
2025-08-01,Otro,SIS,INSUMO,1882523.298
2025-08-01,Otro,SIS,MEDICAMENTO,1532018.0731
2025-08-01,Otro,SIS,PROCEDIMIENTO,3946304.66
2025-08-01,Próstata,FISSAL,INSUMO,97895.87
2025-08-01,Próstata,FISSAL,MEDICAMENTO,80723.5594
2025-08-01,Próstata,FISSAL,PROCEDIMIENTO,325384.82
2025-08-01,Próstata,SIS,INSUMO,3.7
2025-08-01,Próstata,SIS,MEDICAMENTO,294.5
2025-08-01,Próstata,SIS,PROCEDIMIENTO,548.51
